UNDP_국가명,WB_국가명,ISO3_국가코드,DAC_국가코드,WB_지역,KOICA_국가명_국문,KOICA_지역명_국문,KOICA_지역명_영문,KOICA_지역명_부서,국가협력전략 대상국가,KOICA 사무소 주재 여부,겸임국 관할 사무소명,OECD_국가명,OECD소득 기준,인구수_기준연도,인구수,GDP_기준연도,1인당 국내총생산,국민총생산 기준연도,1인당 국민총생산,빈곤율 기준연도,빈곤율,지니계수 기준연도,지니계수,문해율 기준연도,문해율,중등학교 등록율(여학생) 기준연도,중등학교 등록율(여학생),중등학교 등록률(남학생) 기준연도,중등학교 등록율(남학생),중등학교 등록율 젠더 패리티 인덱스 기준연도,중등학교 등록율 젠더 패리티 인덱스,세금 기준연도,세금,ODA 순 수원액 기준연도,ODA 순 수원액,기업여건 기준연도,기업여건,해외직접투자 기준연도,해외직접투자,100명당 이동통신 사용률 기준연도,100명당 이동통신 사용률,1인당 전기 소비량 기준연도,1인당 전기 소비량,인터넷 사용률 기준연도,인터넷 사용률,취약국가 지수 기준연도,취약국가 지수,취약국가 순위,부패인식지수 기준연도,부패인식점수,부패인식순위,전자정부 지수 기준연도,전자정부 지수 순위,전자정부지수,인간개발지수 기준연도,인간개발지수순위,인간개발지수,젠더개발지수 기준연도,젠더개발지수,젠더 불평등 지수 기준연도,젠더 불평등 지수,여성국회의원 비율 기준연도,여성국회의원 비율,여성실업률 기준연도,여성실업률,ODA 규모 기준연도,수원국 ODA 규모,양자 지원 규모,GNI 대비 ODA 비율,한국 ODA 규모 기준연도,한국 ODA 규모,KOICA 지원 규모_공공행정,KOICA 지원 규모_교육,KOICA 지원 규모_기술환경에너지,KOICA 지원 규모_기타,KOICA 지원 규모_긴급구호,KOICA 지원 규모_농림수산,KOICA 지원 규모_보건,KOICA 지원 규모_전체
Turkey,Turkey,TUR,55,Europe & Central Asia,터키,중동중앙아,Middle East and Central Asia,중동중앙아,no,no,본부,Turkey,UMIC,2020,84300000 ,2020,8538.169,2020,9050,2019,0.4,2019,41.9,2017,96.15053,2018,103.1787,2018,105.7255,2018,0.97591,2019,16.47994,2019,0.1101959,2019,33,2019,9270000000 ,2019,96.83717,2014,2847.224,2019,73.9767,2020,79.14739,59,2019,39,91,2020,53,0.7718,2019,54,0.82,2019,0.924,2019,0.306,2020,17.31749,2019,16.38,2019,140,38,0,2019,2,23268,17612,45377,,1586542,65423,,1738223
,Kosovo,XKX,57,Europe & Central Asia,코소보,,,중동중앙아,no,no,본부,Kosovo,LMIC,2020,1775378 ,2020,4287.201,2020,4440,2017,0.4,2017,29,,,,,,,,,,,2019,4.245187,2019,57,2019,285000000 ,2010,32.3021,2014,2818.337,2018,89.44303,1960,,,,,,,,,,,,,,,,,,,,2019,485,46,4,2019,0,,,,,,,,
Serbia,Serbia,SRB,63,Europe & Central Asia,세르비아,기타,Others,중동중앙아,no,no,본부,Serbia,UMIC,2020,6908224 ,2020,7666.244,2020,7400,2017,5.4,2017,36.2,2016,98.84151,2019,94.99258,2019,93.97943,2019,1.01078,2019,24.06805,2019,1.171888,2019,44,2019,4270000000 ,2019,96.37096,2014,4271.745,2019,77.41677,2020,66.11626,100,2019,39,91,2020,58,0.7474,2019,64,0.806,2019,0.977,2019,0.132,2020,38.8,2019,11.08,2019,1990,57,1,2019,1,3090170,68228,362657,72176,6127,,290262,3889621
Bosnia and Herzegovi,Bosnia and Herzegovi,BIH,64,Europe & Central Asia,보스니아-헤르체고비나,기타,Others,중동중앙아,no,no,본부,Bosnia and Herzegovi,UMIC,2020,3280815 ,2020,6031.557,2020,6090,2011,0.1,2011,33,2013,96.99177,,,,,,,2019,20.10135,2019,2.300667,2019,90,2019,390000000 ,2019,113.7692,2014,3446.765,2019,69.94635,2020,70.22041,84,2019,36,101,2020,94,0.6372,2019,73,0.78,2019,0.937,2019,0.149,2020,26.19048,2019,18.73,2019,707,44,2,2019,0,1932437,201253,3600,8935,903062,,531533,3580819
Montenegro,Montenegro,MNE,65,Europe & Central Asia,몬테네그로,기타,Others,중동중앙아,no,no,본부,Montenegro,UMIC,2020,621718 ,2020,7686.093,2020,7900,2016,2.5,2016,38.5,2018,98.84718,2019,90.9647,2019,89.29068,2019,1.01875,,,2019,1.743048,2019,50,2019,418000000 ,2019,183.2837,2014,4612.341,2019,73.47667,2020,55.46679,124,2019,45,66,2020,75,0.7006,2019,48,0.829,2019,0.966,2019,0.109,2020,22.22222,2019,15.69,2019,218,20,2,2019,0,293560,,902894,,,,6273,1202727
North Macedonia,North Macedonia,MKD,66,Europe & Central Asia,북마케도니아,중동중앙아,Middle East and Central Asia,중동중앙아,no,no,본부,North Macedonia,UMIC,2020,2083380 ,2020,5888.004,2020,5720,2018,3.4,2018,33,2014,97.8,2018,79.1019,2018,80.82787,2018,0.97865,2019,17.16402,2019,1.185082,2019,17,2019,550000000 ,2019,92.20306,2014,3496.52,2018,79.16776,2020,62.13086,113,2019,35,106,2020,72,0.7083,2019,82,0.774,2019,0.952,2019,0.143,2020,39.16667,2019,18.39,2019,476,44,1,2019,0,86993,,5613,,,,6273,98879
Albania,Albania,ALB,71,Europe & Central Asia,알바니아,기타,Others,중동중앙아,no,no,본부,Albania,UMIC,2020,2837743 ,2020,5215.277,2020,5210,2017,1.3,2017,33.2,2018,98.14115,2019,95.65993,2019,94.58517,2019,1.01136,2019,18.28113,2019,0.1883343,2019,82,2019,1200000000 ,2019,91.29302,2014,2309.367,2019,69.64285,2020,58.75381,119,2019,35,106,2020,59,0.7399,2019,69,0.795,2019,0.967,2019,0.181,2020,29.5082,2019,11.31,2019,329,69,0,2019,0,933721,63317,44217,15022,,51486,67602,1175365
Ukraine,Ukraine,UKR,85,Europe & Central Asia,우크라이나,중동중앙아,Middle East and Central Asia,중동중앙아,yes,no,본부,Ukraine,LMIC,2020,44100000 ,2020,3726.927,2020,3540,2019,,2019,26.6,2012,99.97435,2014,95.03153,2014,96.91805,2014,0.98053,2019,19.19034,2019,0.7242453,2019,64,2019,5830000000 ,2019,130.6294,2014,3418.569,2018,62.55316,2020,69.00704,92,2019,30,126,2020,69,0.7119,2019,74,0.779,2019,1,2019,0.234,2020,20.80378,2019,7.85,2019,3358,60,1,2019,1,3011122,7781335,1320518,509912,379729,482158,1554457,15000000
Belarus,Belarus,BLR,86,Europe & Central Asia,벨로루시,중동중앙아,Middle East and Central Asia,중동중앙아,no,no,본부,Belarus,UMIC,2020,9398861 ,2020,6411.228,2020,6330,2019,,2019,25.3,2018,99.75656,2018,101.6907,2018,103.1489,2018,0.98586,2019,13.30151,2019,0.3425493,2019,49,2019,1270000000 ,2019,123.0083,2014,3679.979,2019,82.78915,2020,65.75186,103,2019,45,66,2020,40,0.8084,2019,53,0.823,2019,1.007,2019,0.118,2020,40,2019,3.5,2019,522,44,0,2019,0,1217895,90466,175675,19361,130603,97585,321347,2052932
Moldova (Republic of),Moldova,MDA,93,Europe & Central Asia,몰도바,중동중앙아,Middle East and Central Asia,중동중앙아,no,no,본부,Moldova (Republic of),LMIC,2020,2617820 ,2020,4551.131,2020,4570,2018,,2018,25.7,2014,99.35989,2019,85.69239,2019,86.99657,2019,0.98501,2019,17.31258,2019,2.721055,2019,48,2019,502000000 ,2019,89.37944,2014,1725.616,2017,76.12452,2020,65.97954,101,2019,32,120,2020,79,0.6881,2019,90,0.75,2019,1.014,2019,0.204,2020,24.75248,2019,4.35,2019,463,42,,2019,0,880773,865138,851432,8981,35132,7744,42884,2692084
Algeria,Algeria,DZA,130,Middle East & North Africa,알제리,아프리카,Africa,서아프리카,no,yes,알제리 사무소,Algeria,UMIC,2020,43900000 ,2020,3310.387,2020,3550,2011,0.4,2011,27.6,2018,81.40784,2011,101.5445,2011,97.75898,2011,1.03872,,,2019,0.1052492,2019,157,2019,1380000000 ,2019,109.3561,2014,1362.872,2018,49.03847,2020,74.57518,71,2019,35,106,2020,120,0.5173,2019,91,0.748,2019,0.858,2019,0.429,2020,25.75758,2019,20.44,2019,-18,73,0,2019,2,5690650,1575963,7322870,455937,151916,20500000,114439,35800000
Libya,Libya,LBY,133,Middle East & North Africa,리비아,아프리카,Africa,중동중앙아,no,no,모로코 사무소 ,Libya,UMIC,2020,6871287 ,2020,3699.229,2020,4850,,,,,2004,86.1,2006,105.987,2006,90.16653,2006,1.17546,,,2019,0.5960557,2019,186,2018,,2017,91.4793,2014,1811.055,2017,21.75892,2020,95.19372,20,2019,18,168,2020,162,0.3743,2019,105,0.724,2019,0.976,2019,0.252,2020,15.95745,2019,24.13,2019,801,60,1,2019,2,524236,3375454,905556,14475,1916397,66931,185319,6988368
Morocco,Morocco,MAR,136,Middle East & North Africa,모로코,아프리카,Africa,중동중앙아,no,yes,모로코 사무소 ,Morocco,LMIC,2020,36900000 ,2020,3009.249,2020,2980,2013,0.9,2013,39.5,2018,73.75001,2019,78.17822,2019,84.0506,2019,0.93013,2019,21.44829,2019,0.6457228,2019,53,2019,1720000000 ,2019,127.953,2014,904.4419,2019,74.37631,2020,71.22105,80,2019,41,80,2020,106,0.5729,2019,121,0.686,2019,0.835,2019,0.454,2020,20.50633,2019,10.47,2019,2877,57,1,2019,6,19100000,31300000,14800000,1022007,180259,1402857,5687014,73500000
Tunisia,Tunisia,TUN,139,Middle East & North Africa,튀니지,아프리카,Africa,중동중앙아,no,yes,튀니지 사무소,Tunisia,LMIC,2020,11800000 ,2020,3319.819,2020,3100,2015,0.2,2015,32.8,2014,79.03643,2016,99.31897,2016,86.90164,2016,1.14289,2012,21.12788,2019,2.625562,2019,78,2019,810000000 ,2019,126.3053,2014,1454.643,2019,66.7,2020,68.12591,95,2019,43,74,2020,91,0.6526,2019,95,0.74,2019,0.9,2019,0.296,2020,24.88479,2019,22.41,2019,1630,70,3,2019,4,27200000,10700000,11300000,4261191,51448,5858679,407285,59700000
Egypt,Egypt,EGY,142,Middle East & North Africa,이집트,아프리카,Africa,중동중앙아,yes,yes,이집트 사무소,Egypt,LMIC,2020,102000000 ,2020,3547.871,2020,3000,2017,3.8,2017,31.5,2017,71.16825,2019,89.03929,2019,89.8971,2019,0.99046,2015,12.51921,2019,0.595947,2019,114,2019,9010000000 ,2019,94.9717,2014,1683.213,2019,57.28287,2020,86.00614,35,2019,35,106,2020,111,0.5527,2019,116,0.707,2019,0.882,2019,0.449,2020,27.41117,2019,21.33,2019,5349,67,1,2019,71,11400000,31100000,20800000,737899,330941,1346031,4816624,70600000
South Africa,South Africa,ZAF,218,Sub-Saharan Africa,남아프리카공화국,아프리카,Africa,동아프리카,no,no,모잠비크 사무소,South Africa,UMIC,2020,59300000 ,2020,5090.715,2020,5410,2014,18.7,2014,63,2017,87.04667,2018,103.9681,2018,97.1012,2018,1.07072,2019,26.73419,2019,0.2844552,2019,84,2019,5120000000 ,2019,165.5999,2014,4198.046,2017,56.16739,2020,70.10724,85,2019,44,70,2020,78,0.6891,2019,114,0.709,2019,0.986,2019,0.406,2020,46.75,2019,30.5,2019,5245,76,0,2019,0,978876,3135959,179027,20467,,1314688,8273,5637290
Angola,Angola,AGO,225,Sub-Saharan Africa,앙골라,아프리카,Africa,서아프리카,no,no,카메룬 사무소,Angola,LDC,2020,32900000 ,2020,1895.771,2020,2230,2018,49.9,2018,51.3,2014,66.03011,2016,39.74183,2016,61.77439,2016,0.64334,2019,9.381662,2019,0.0604877,2019,177,2019,-4100000000 ,2019,46.59864,2014,312.2289,2017,14.33908,2020,87.32004,34,2019,26,146,2020,159,0.3847,2019,148,0.581,2019,0.903,2019,0.536,2020,30,2019,7.22,2019,111,38,0,2019,6,1226524,6031929,213725,22174,29966,6965378,275183,14800000
Botswa,Botswa,BWA,227,Sub-Saharan Africa,보츠와나,아프리카,Africa,동아프리,no,no,모잠비크 사무소,Botswa,UMIC,2020,2351625 ,2020,6710.99,2020,6640,2015,14.5,2015,53.3,2013,86.82318,2008,83.51811,2008,76.36355,2008,1.09369,2019,19.2182,2019,0.4058021,2019,87,2019,261000000 ,2019,162.6412,2014,1815.554,2017,41.41379,2020,57.07123,121,2019,61,34,2020,115,0.5383,2019,100,0.735,2019,0.998,2019,0.465,2020,10.76923,2019,20.51,2019,-74,70,0,2019,1,135317,206647,256439,,39958,128988,82800,850148
Burundi,Burundi,BDI,228,Sub-Saharan Africa,부룬디,아프리카,Africa,동아프리카,no,no,르완다 사무소,Burundi,LDC,2020,11900000 ,2020,274.0095,2020,270,2013,72.8,2013,38.6,2017,68.37533,2019,48.28493,2019,41.90257,2019,1.15231,1999,13.59744,2019,19.50447,2019,166,2019,1044961 ,2019,56.6497,,,2017,2.660749,2020,97.87603,11,2019,19,165,2020,168,0.3227,2019,185,0.433,2019,0.999,2019,0.504,2020,38.21138,2019,0.98,2019,702,33,20,2019,1,1908874,284568,196873,,251504,23252,638862,3303932
Cameroon,Cameroon,CMR,229,Sub-Saharan Africa,카메룬,아프리카,Africa,서아프리카,no,yes,카메룬 사무소,Cameroon,LMIC,2020,26500000 ,2020,1499.373,2020,1500,2014,26,2014,46.6,2018,77.07104,2016,55.44308,2016,64.62172,2016,0.85796,2018,12.75528,2019,3.489877,2019,167,2019,1020000000 ,2019,82.70375,2014,275.198,2017,23.20297,2020,97.85508,11,2019,25,153,2020,144,0.4325,2019,153,0.563,2019,0.864,2019,0.56,2020,33.88889,2019,3.78,2019,1614,51,4,2019,14,16900000,15400000,4919308,3308819,5662245,4800465,14400000,65300000
Cabo Verde,Cabo Verde,CPV,230,Sub-Saharan Africa,카보베르데,아프리카,Africa,서아프리카,no,no,세네갈 사무소,Cabo Verde,LMIC,2020,555988 ,2020,3064.272,2020,3060,2015,3.4,2015,42.4,2015,86.79029,2018,92.49768,2018,83.85197,2018,1.10311,2017,20.08675,2019,7.865096,2019,137,2019,108000000 ,2019,108.3184,,,2017,57.16215,2020,64.77817,106,2019,58,41,2020,110,0.5604,2019,126,0.665,2019,0.974,2019,0.397,2020,25,2019,11.46,2019,184,37,8,2019,0,353557,1438,31233,,,,154065,540293
Central African Republic,Central African Republic,CAF,231,Sub-Saharan Africa,중앙아프리카,아프리카,Africa,서아프리카,no,no,카메룬 사무소,Central African Republic,LDC,2020,4829764 ,2020,476.8511,2020,510,2008,65.9,2008,56.2,2018,37.39582,2017,13.77755,2017,20.48121,2017,0.67269,2018,8.639831,2019,31.59441,2019,184,2019,25600000 ,2019,33.61922,,,2017,4.339255,2020,107.4866,6,2019,25,153,2020,190,0.1404,2019,188,0.397,2019,0.801,2019,0.68,2020,8.571429,2019,4.21,2019,672,42,32,2019,2,3916369,153118,97121,5040,207013,187098,503736,5069495
Chad,Chad,TCD,232,Sub-Saharan Africa,차드,아프리카,Africa,서아프리카,no,no,카메룬 사무소,Chad,LDC,2020,16400000 ,2020,614.4652,2020,660,2011,38.1,2011,43.3,2016,22.31155,2019,14.27734,2019,26.80956,2019,0.53255,,,2019,6.346379,2019,182,2019,567000000 ,2019,48.06483,,,2017,6.499998,2020,106.4338,7,2019,20,162,2020,189,0.1557,2019,187,0.398,2019,0.764,2019,0.71,2020,15.4321,2019,1.85,2019,721,39,6,2019,2,2319216,5211992,484302,27954,485134,89816,13816,8632230
Comoros,Comoros,COM,233,Sub-Saharan Africa,코모로,아프리카,Africa,동아프리카,no,no,케냐 사무소 ,Comoros,LDC,2020,869595 ,2020,1402.595,2020,1450,2014,19.1,2014,45.3,2018,58.81702,2018,61.41451,2018,57.58629,2018,1.06648,,,2019,6.681542,2019,160,2019,3677361 ,2019,67.60224,,,2017,8.47817,2020,81.24901,53,2019,25,153,2020,177,0.2799,2019,156,0.554,2019,0.891,,,2020,16.66667,2019,10.02,2019,78,55,7,2019,0,577385,52200,19355,,,10328,,659267
Congo,Congo,COG,234,Sub-Saharan Africa,콩고공화국,아프리카,Africa,서아프리카,no,no,DR콩고 사무소,Congo,LMIC,2020,5518092 ,2020,1972.545,2020,1830,2011,39.6,2011,48.9,2018,80.29876,2012,48.81208,2012,56.34437,2012,0.86632,2018,7.765747,2019,1.880112,2019,180,2019,3370000000 ,2018,95.34054,2014,202.8725,2017,8.65,2020,92.0682,25,2019,19,165,2020,160,0.3786,2019,149,0.574,2019,0.929,2019,0.57,2020,11.25828,2019,10.24,2019,-432,51,2,2019,0,1753133,1607259,118243,49213,41696,146495,92792,3808830
Congo (Democratic Republic of the),Congo (Democratic Republic of the),COD,235,Sub-Saharan Africa,콩고민주공화국,아프리카,Africa,서아프리카,no,yes,콩고민주공화국 사무소,Congo (Democratic Republic of the),LDC,2020,89600000 ,2020,556.8132,2020,550,2012,77.2,2012,42.1,2016,77.04268,2015,35.98096,2015,56.263,2015,0.63951,1989,10.70406,2019,6.179378,2019,183,2019,1350000000 ,2019,42.77332,2014,108.5167,2017,8.619905,2020,109.3946,5,2019,18,168,2020,184,0.258,2019,175,0.48,2019,0.845,2019,0.617,2020,12.8,2019,3.24,2019,3472,48,7,2019,31,42800000,1659588,6979716,897151,289177,19900000,24000000,96500000
Benin,Benin,BEN,236,Sub-Saharan Africa,베냉,아프리카,Africa,서아프리카,no,no,가나 사무소,Benin,LDC,2020,12100000 ,2020,1291.041,2020,1280,2015,49.6,2015,47.8,2018,42.3624,2016,50.73183,2016,67.14241,2016,0.75559,1979,10.78914,2019,4.226569,2019,149,2019,218000000 ,2019,87.70201,2014,100.2252,2017,14.11901,2020,72.5448,77,2019,41,80,2020,157,0.4039,2019,158,0.545,2019,0.855,2019,0.612,2020,7.228916,2019,2.48,2019,361,44,4,2019,0,4475329,214432,206920,,143050,275300,71083,5386114
Ethiopia,Ethiopia,ETH,238,Sub-Saharan Africa,에티오피아,아프리카,Africa,동아프리카,yes,yes,에티오피아 사무소,Ethiopia,LDC,2020,115000000 ,2020,936.3405,2020,890,2015,30.8,2015,35,2017,51.77118,2015,34.24992,2015,35.61357,2015,0.96171,2019,6.661741,2019,5.04597,2019,159,2019,2520000000 ,2017,37.21807,2014,69.19875,2017,18.61805,2020,94.59578,21,2019,37,96,2020,178,0.274,2019,173,0.485,2019,0.837,2019,0.517,2020,38.75686,2019,2.68,2019,4925,45,5,2019,80,17000000,63200000,17100000,2678378,2488338,35000000,74400000,212000000
Gabon,Gabon,GAB,239,Sub-Saharan Africa,가봉,아프리카,Africa,서아프리카,no,no,카메룬 사무소,Gabon,UMIC,2020,2225728 ,2020,7005.879,2020,6970,2017,3.4,2017,38,2018,84.66716,1999,44.65194,1999,50.78785,1999,0.87919,2019,11.4795,2019,0.7524272,2019,169,2019,1550000000 ,2019,137.7538,2014,1167.852,2017,50.32012,2020,69.087,90,2019,31,123,2020,113,0.5401,2019,119,0.703,2019,0.916,2019,0.525,2020,14.78873,2019,27.95,2019,314,93,1,2019,0,944774,190883,241112,38414,10173,242322,84846,1752523
Gambia,The Gambia,GMB,240,Sub-Saharan Africa,감비아,아프리카,Africa,서아프리카,no,no,세네갈 사무소,Gambia,LDC,2020,2416664 ,2020,787.0065,2020,750,2015,10.3,2015,35.9,2015,50.77797,2010,49.06649,2010,51.18452,2010,0.95862,1990,18.20478,2019,10.80432,2019,155,2019,32300000 ,2018,139.529,,,2017,19.83645,2020,82.21464,51,2019,37,96,2020,181,0.263,2019,172,0.496,2019,0.846,2019,0.612,2020,8.62069,2019,12.04,2019,284,34,11,2019,1,2532633,953791,211746,,,53117,,3751288
Gha,Gha,GHA,241,Sub-Saharan Africa,가나,아프리카,Africa,서아프리카,yes,yes,가나 사무소,Gha,LMIC,2020,31100000 ,2020,2328.535,2020,2230,2016,12.7,2016,43.5,2018,79.03964,2019,74.62975,2019,74.72713,2019,0.9987,2019,12.23754,2019,1.4289,2019,118,2019,3880000000 ,2019,134.3194,2014,351.3015,2017,37.88415,2020,64.15817,108,2019,41,80,2020,101,0.596,2019,138,0.611,2019,0.911,2019,0.538,2020,13.09091,2019,4.29,2019,1158,53,1,2019,22,10500000,16800000,11400000,1504963,162140,15400000,36700000,92500000
Guinea,Guinea,GIN,243,Sub-Saharan Africa,기니,아프리카,Africa,서아프리카,no,no,세네갈 사무소,Guinea,LDC,2020,13100000 ,2020,1194.038,2020,1020,2012,36.1,2012,33.7,2014,32.00384,2014,31.04083,2014,47.48728,2014,0.65367,1992,10.84178,2019,4.517571,2019,156,2019,44400000 ,2019,100.7967,,,2018,21.83002,2020,97.16761,15,2019,29,130,2020,183,0.2592,2019,178,0.477,2019,0.817,,,2020,16.66667,2019,3.17,2019,900,34,5,2019,1,6097823,69687,32096,8662,22655,885513,106123,7222559
Guinea-Bissau,Guinea-Bissau,GNB,244,Sub-Saharan Africa,기니비사우,아프리카,Africa,서아프리카,no,no,세네갈 사무소,Guinea-Bissau,LDC,2020,1967998 ,2020,727.5202,2020,760,2010,68.4,2010,50.7,2014,45.58116,2000,12.69777,2000,23.60819,2000,0.53785,2019,9.462074,2019,8.197856,2019,174,2019,71700000 ,2019,82.79259,,,2017,3.930509,2020,92.90208,23,2019,18,168,2020,186,0.2316,2019,175,0.48,,,,,2020,13.72549,2019,2.79,2019,171,25,8,2019,0,818410,88161,17208,10147,,85757,183980,1203662
Equatorial Guinea,Equatorial Guinea,GNQ,245,Sub-Saharan Africa,적도기니,아프리카,Africa,서아프리카,no,no,카메룬 사무소,Equatorial Guinea,UMIC,2020,1402985 ,2020,7143.239,2020,5810,,,,,2010,94.37054,2005,22.08174,2005,29.9447,2005,0.73742,2019,9.258645,2019,0.7691553,2019,178,2019,452000000 ,2018,45.16687,,,2017,26.24,2020,83.0162,45,2019,16,173,2020,185,0.2507,2019,145,0.592,,,,,2020,21,2019,8.12,2019,57,6,1,2019,0,519422,357269,115110,,,19644,103732,1115178
Cted'Ivoire,Cte d'Ivoire,CIV,247,Sub-Saharan Africa,코트디부아르,아프리카,Africa,서아프리카,no,yes,코트디부아르 사무소,C척te d'Ivoire,LMIC,2020,26400000 ,2020,2325.724,2020,2280,2015,29.8,2015,41.5,2018,47.16535,2019,48.31087,2019,60.91135,2019,0.79313,2019,12.03285,2019,2.108323,2019,110,2019,849000000 ,2019,145.3407,2014,274.7302,2019,36.45379,2020,89.72267,32,2019,35,106,2020,139,0.4457,2019,162,0.538,2019,0.811,2019,0.638,2020,11.37255,2019,3.76,2019,1782,54,2,2019,9,5492479,17700000,8525444,1000850,1330293,1278397,15500000,50800000
Kenya,Kenya,KEN,248,Sub-Saharan Africa,케냐,아프리카,Africa,동아프리카,no,yes,케냐 사무소 ,Kenya,LMIC,2020,53800000 ,2020,1838.21,2020,1760,2015,37.1,2015,40.8,2018,81.53497,2009,53.66182,2009,59.85811,2009,0.89648,2019,15.87116,2019,3.474074,2019,56,2019,1330000000 ,2019,103.769,2014,164.3253,2019,22.56512,2020,90.31587,29,2019,28,137,2020,116,0.5326,2019,143,0.601,2019,0.937,2019,0.518,2020,21.7765,2019,2.76,2019,3245,45,3,2019,23,7929097,19400000,18200000,1181724,5928066,6785925,17800000,77200000
Lesotho,Lesotho,LSO,249,Sub-Saharan Africa,레소토,아프리카,Africa,동아프리카,no,no,모잠비크 사무소,Lesotho,LDC,2020,2142252 ,2020,861.0145,2020,1100,2017,27.2,2017,44.9,2014,76.6352,2017,71.25648,2017,52.79545,2017,1.34967,2019,32.87903,2019,5.425975,2019,122,2019,118000000 ,2019,74.49376,,,2017,29.7878,2020,78.29012,60,2019,40,85,2020,135,0.4593,2019,165,0.527,2019,1.014,2019,0.553,2020,23.33333,2019,28.13,2019,128,36,5,2019,0,471154,326984,173955,,19970,488775,570560,2051398
Liberia,Liberia,LBR,251,Sub-Saharan Africa,라이베리아,아프리카,Africa,서아프리카,no,no,나이지리아 사무소,Liberia,LDC,2020,5057677 ,2020,583.2717,2020,530,2016,44.4,2016,35.3,2017,48.30136,2015,32.90857,2015,42.77182,2015,0.7694,,,2019,21.97939,2019,175,2019,86700000 ,2017,56.56895,,,2017,7.98448,2020,90.0439,31,2019,28,137,2020,182,0.2605,2019,175,0.48,2019,0.89,2019,0.65,2020,12.32877,2019,2.17,2019,819,54,22,2019,0,336771,124683,105136,8604,,893084,2562235,4030512
Madagascar,Madagascar,MDG,252,Sub-Saharan Africa,마다가스카르,아프리카,Africa,동아프리카,no,no,케냐 사무소 ,Madagascar,LDC,2020,27700000 ,2020,495.4904,2020,480,2012,78.8,2012,42.6,2018,74.80432,2019,35.24391,2019,33.95129,2019,1.03807,2019,10.46712,2019,5.561611,2019,161,2019,474000000 ,2018,40.57034,,,2016,4.713663,2020,79.5303,57,2019,24,158,2020,172,0.3095,2019,164,0.528,2019,0.952,,,2020,17.88079,2019,1.7,2019,1200,37,6,2019,4,2076124,6841259,1558837,,447302,2356671,3344417,16600000
Malawi,Malawi,MWI,253,Sub-Saharan Africa,말라위,아프리카,Africa,동아프리카,no,no,탄자니아 사무소,Malawi,LDC,2020,19100000 ,2020,625.2941,2020,580,2016,69.2,2016,44.7,2015,62.14354,2019,33.64757,2019,40.51564,2019,0.83048,2020,11.93531,2019,11.29325,2019,109,2019,98400000 ,2019,47.78114,,,2017,13.78216,2020,84.01636,43,2019,31,123,2020,165,0.348,2019,174,0.483,2019,0.986,2019,0.565,2020,22.91667,2019,6.48,2019,1194,50,16,2019,4,2150295,2102532,131593,10467,268856,4191722,6547306,15400000
Mali,Mali,MLI,255,Sub-Saharan Africa,말리,아프리카,Africa,서아프리카,no,no,세네갈 사무소,Mali,LDC,2020,20300000 ,2020,858.9158,2020,830,2009,50.3,2009,33,2018,35.47377,2018,36.99537,2018,44.95349,2018,0.82297,2019,14.49983,2019,11.17655,2019,148,2019,494000000 ,2019,116.6215,,,2017,12.72064,2020,96.04331,16,2019,29,130,2020,171,0.3097,2019,184,0.434,2019,0.821,2019,0.671,2020,27.89116,2019,8.2,2019,1896,55,11,2019,6,961057,11900000,80563,5040,90894,3061933,857357,17000000
Mauritania,Mauritania,MRT,256,Sub-Saharan Africa,모리타니,아프리카,Africa,중동중앙아,no,no,모로코 사무소 ,Mauritania,LDC,2020,4649660 ,2020,1672.924,2020,1640,2014,6,2014,32.6,2017,53.49759,2019,40.44672,2019,38.39943,2019,1.05332,,,2019,5.492494,2019,152,2019,-884000000 ,2019,104.0901,,,2017,20.80096,2020,88.74247,33,2019,28,137,2020,176,0.282,2019,157,0.546,2019,0.864,2019,0.634,2020,20.26144,2019,11.52,2019,-327,27,5,2019,0,1164939,12475,46285,21744,99518,140302,2227918,3713182
Mauritius,Mauritius,MUS,257,Sub-Saharan Africa,모리셔스,아프리카,Africa,동아프리카,no,no,케냐 사무소 ,Mauritius,UMIC,2020,1265740 ,2020,8622.676,2020,10230,2017,0.2,2017,36.8,2018,91.32539,2019,98.28924,2019,95.99769,2019,1.02387,2019,19.9463,2019,0.1404857,2019,13,2019,472000000 ,2019,147.0148,2014,2182.509,2019,63.9999,2020,37.18472,153,2019,52,56,2020,63,0.7196,2019,66,0.804,2019,0.976,2019,0.347,2020,20,2019,9.42,2019,5651,65,0,2019,0,365631,8252,100794,6212,20000,230479,61576,792944
Mozambique,Mozambique,MOZ,259,Sub-Saharan Africa,모잠비크,아프리카,Africa,동아프리카,no,yes,모잠비크 사무소,Mozambique,LDC,2020,31300000 ,2020,448.6075,2020,460,2014,63.7,2014,54,2017,60.65543,2017,33.44512,2017,37.39254,2017,0.89443,2019,27.05966,2019,12.72237,2019,138,2019,2180000000 ,2019,48.65095,2014,478.9206,2017,20.774,2020,91.69371,27,2019,26,146,2020,163,0.3564,2019,181,0.456,2019,0.912,2019,0.523,2020,42.4,2019,3.5,2019,2227,56,13,2019,24,7234370,16200000,6170756,443830,209519,2435885,1368359,34000000
Niger,Niger,NER,260,Sub-Saharan Africa,니제르,아프리카,Africa,서아프리카,no,no,코트디부아르 사무소,Niger,LDC,2020,24200000 ,2020,565.0613,2020,540,2014,45.4,2014,34.3,2018,35.05,2017,20.70213,2017,27.68139,2017,0.74787,1980,11.76453,2019,11.05663,2019,132,2019,717000000 ,2017,40.6385,2014,51.19494,2018,5.250488,2020,95.31488,19,2019,32,120,2020,188,0.1661,2019,189,0.394,2019,0.724,2019,0.642,2020,16.95906,2019,0.37,2019,1498,37,12,2019,1,1564810,144359,227677,,95069,2690303,4545816,9268033
Nigeria,Nigeria,NGA,261,Sub-Saharan Africa,나이지리아,아프리카,Africa,서아프리카,no,yes,나이지리아 사무소,Nigeria,LMIC,2020,206000000 ,2020,2097.092,2020,2000,2018,39.1,2018,35.1,2018,62.01601,2016,39.82974,2016,44.09977,2016,0.90317,,,2019,0.8114718,2019,131,2019,2310000000 ,2019,91.85358,2014,144.5254,2017,7.469439,2020,97.26751,14,2019,26,146,2020,141,0.4406,2019,161,0.539,2019,0.881,,,2020,7.222222,2019,7.45,2019,6608,37,1,2019,9,14000000,23000000,3538279,510624,158730,6063964,7052742,54400000
Zimbabwe,Zimbabwe,ZWE,265,Sub-Saharan Africa,짐바브웨,아프리카,Africa,동아프리카,no,no,탄자니아 사무소,Zimbabwe,LDC,2020,14900000 ,2020,1128.211,2020,1090,2019,39.5,2019,50.3,2014,88.69342,2013,51.34574,2013,53.49126,2013,0.95989,2018,12.62204,2019,5.860382,2019,140,2019,280000000 ,2019,90.10229,2014,609.1247,2017,27.05549,2020,99.22086,10,2019,24,158,2020,126,0.5019,2019,150,0.571,2019,0.931,2019,0.527,2020,31.85185,2019,5.55,2019,913,54,5,2019,2,9078030,1208815,1682434,535847,132598,5129348,2289517,20100000
Rwanda,Rwanda,RWA,266,Sub-Saharan Africa,르완다,아프리카,Africa,동아프리카,yes,yes,르완다 사무소,Rwanda,LDC,2020,13000000 ,2020,797.8556,2020,780,2016,56.5,2016,43.7,2018,73.21559,2019,47.04848,2019,41.56395,2019,1.13195,2019,14.59419,2019,11.90148,2019,38,2019,384000000 ,2019,76.49154,,,2017,21.76763,2020,86.02952,35,2019,53,51,2020,130,0.4789,2019,160,0.543,2019,0.945,2019,0.402,2020,61.25,2019,1.02,2019,1332,47,12,2019,24,31000000,39900000,12300000,1981107,162176,41900000,12200000,139000000
Sao Tome and Principe,So Tom and Principe,STP,268,Sub-Saharan Africa,상투메프린시페,아프리카,Africa,서아프리카,no,no,카메룬 사무소,Sao Tome and Principe,LDC,2020,219161 ,2020,2157.84,2020,2070,2017,35.6,2017,56.3,2018,92.81664,2017,95.85861,2017,82.94118,2017,1.15574,,,2019,12.06081,2019,170,2019,24200000 ,2019,77.07806,,,2017,29.93123,2020,70.2819,83,2019,46,64,2020,155,0.4074,2019,135,0.625,2019,0.906,2019,0.537,2020,23.63636,2019,20.51,2019,51,32,12,2019,0,328413,,8080,,,21038,55257,412787
Senegal,Senegal,SEN,269,Sub-Saharan Africa,세네갈,아프리카,Africa,서아프리카,yes,yes,세네갈 사무소,Senegal,LDC,2020,16700000 ,2020,1487.757,2020,1430,2011,38.5,2011,40.3,2017,51.90042,2019,49.12137,2019,43.40805,2019,1.13162,2018,16.37825,2019,6.374514,2019,123,2019,983000000 ,2019,109.7214,2014,229.3516,2017,29.64312,2020,74.56465,71,2019,45,66,2020,150,0.421,2019,168,0.512,2019,0.87,2019,0.533,2020,43.0303,2019,7.02,2019,2000,46,6,2019,31,5092620,32300000,6216334,1455792,504605,23400000,19700000,88700000
Eritrea,Eritrea,ERI,271,Sub-Saharan Africa,에리트레아,아프리카,Africa,동아프리카,no,no,에티오피아 사무소,Eritrea,LDC,2011,3213969 ,2011,642.5083,2011,600,,,,,2018,76.57052,2018,45.39512,2018,49.91707,2018,0.90941,,,2011,6.535045,2019,189,2019,67100000 ,2017,20.36396,2014,96.63458,2017,1.308907,2020,95.84423,18,2019,23,160,2020,192,0.1292,2019,180,0.459,,,,,2019,22,2019,6.46,2019,276,81,,,,162273,24049,12905,29798,145162,178572,50402,603161
Sierra Leone,Sierra Leone,SLE,272,Sub-Saharan Africa,시에라리온,아프리카,Africa,서아프리카,no,no,나이지리아 사무소,Sierra Leone,LDC,2020,7976985 ,2020,484.5213,2020,490,2018,43,2018,35.7,2018,43.20633,2017,41.0624,2017,42.52909,2017,0.96551,,,2019,14.60912,2019,163,2019,342000000 ,2019,86.13361,,,2017,13.23693,2020,84.3558,42,2019,33,119,2020,174,0.2931,2019,182,0.452,2019,0.884,2019,0.644,2020,12.32877,2019,3.58,2019,760,43,16,2019,15,1583113,155631,37484,,,1583336,2027502,5387065
Somalia,Somalia,SOM,273,Sub-Saharan Africa,소말리아,아프리카,Africa,동아프리카,no,no,케냐 사무소 ,Somalia,LDC,2020,15900000 ,2020,309.4155,2020,310,2017,68.6,2017,36.8,1972,5.40465,2007,3.74024,2007,8.11734,2007,0.46077,2019,0.0001251,2019,38.02163,2019,190,2019,447000000 ,2018,50.9923,,,2017,2.004049,2020,110.889,2,2019,9,180,2020,191,0.1293,,,,,,,,2020,24.36364,2019,13.18,2019,1865,72,,2019,1,934229,2104021,12263,,687529,530466,,4268507
Djibouti,Djibouti,DJI,274,Middle East & North Africa,지부티,아프리카,Africa,동아프리카,no,no,에티오피아 사무소,Djibouti,LDC,2020,988002 ,2020,3425.503,2020,3320,2017,17,2017,41.6,,,2020,55.58465,2020,53.96272,2020,1.03006,,,2019,8.433851,2019,112,2019,175000000 ,2019,42.51058,,,2017,55.68141,2020,82.72548,47,2019,30,126,2020,179,0.2728,2019,166,0.524,,,,,2020,26.15385,2019,11.26,2019,314,52,8,2019,0,2036398,2474,1336814,,121154,8243,750610,4255693
mibia,mibia,M,275,Sub-Saharan Africa,나미비아,아프리카,Africa,서아프리카,no,no,DR콩고 사무소,mibia,UMIC,2020,2540916 ,2020,4211.051,2020,4520,2015,13.8,2015,59.1,2018,91.52727,2007,69.96509,2007,61.48577,2007,1.13791,2019,30.2964,2019,1.210718,2019,104,2019,-176000000 ,2019,113.1939,2014,1652.572,2017,36.83741,2020,65.09592,105,2019,52,56,2020,104,0.5747,2019,130,0.646,2019,1.007,2019,0.44,2020,43.26923,2019,18.53,2019,155,73,1,2019,0,905808,14282,194672,5515,29966,246528,165885,1562655
Sudan,Sudan,SDN,278,Sub-Saharan Africa,수단,아프리카,Africa,동아프리카,no,no,에티오피아 사무소,Sudan,LDC,2020,43800000 ,2020,595.4678,2020,650,2014,12.2,2014,34.2,2018,60.69718,2017,46.95738,2017,46.29423,2017,1.01432,2016,7.805886,2019,5.304239,2019,171,2019,825000000 ,2019,77.11204,2014,256.7562,2017,30.8703,2020,104.7659,8,2019,16,173,2020,170,0.3154,2019,170,0.51,2019,0.86,2019,0.545,2018,30.51643,2019,28.82,2019,1595,76,9,2019,6,7279109,7552741,5052967,958065,1162698,7775862,15700000,45500000
South Sudan,South Sudan,SSD,279,Sub-Saharan Africa,남수단,아프리카,Africa,동아프리카,no,no,우간다 사무소,South Sudan,LDC,2020,11200000 ,2015,1119.651,2015,1090,2016,76.4,2016,44.1,2018,34.52276,2015,7.66851,2015,14.28797,2015,0.53671,,,2015,15.9162,2019,185,2019,-232000000 ,2019,20.08628,2014,43.58173,2017,7.977429,2020,110.7522,3,2019,12,179,2020,193,0.0875,2019,185,0.433,2019,0.842,,,2020,28.45953,2019,13.16,2019,1893,70,,2019,4,2857843,5144220,560124,,,22976,19307,8604471
Eswatini (Kingdom of),Eswatini,SWZ,280,Sub-Saharan Africa,스와질랜드,아프리카,Africa,동아프리카,no,no,모잠비크 사무소,Eswatini (Kingdom of),LMIC,2020,1160164 ,2020,3415.459,2020,3580,2016,29.2,2016,54.6,2018,88.41938,2016,82.18876,2016,82.63283,2016,0.99463,,,2019,1.82646,2019,121,2019,128000000 ,2017,93.52732,,,2017,30.3,2020,83,45,2019,34,113,2020,128,0.4938,2019,138,0.611,2019,0.996,2019,0.567,2020,9.589041,2019,23.97,2019,107,59,2,2019,0,949064,408871,69963,166560,20008,681502,1165215,3461182
Tanzania (United Republic of),Tanzania,TZA,282,Sub-Saharan Africa,탄자니아,아프리카,Africa,동아프리카,yes,yes,탄자니아 사무소,Tanzania (United Republic of),LDC,2020,59700000 ,2020,1076.47,2020,1080,2017,49.4,2017,40.5,2015,77.88723,2019,33.25737,2019,30.83542,2019,1.07854,2018,11.69508,2019,3.477942,2019,141,2019,991000000 ,2019,82.20817,2014,103.6818,2017,16,2020,78.14414,61,2019,37,96,2020,152,0.4206,2019,163,0.529,2019,0.948,2019,0.556,2020,36.71875,2019,2.5,2019,1972,51,3,2019,59,22800000,38700000,10300000,2111661,752943,34600000,44800000,154000000
Togo,Togo,TGO,283,Sub-Saharan Africa,토고,아프리카,Africa,서아프리카,no,no,가나 사무소,Togo,LDC,2020,8278737 ,2020,914.9506,2020,920,2015,51.1,2015,43.1,2015,63.74562,2017,52.06329,2017,71.56491,2017,0.7275,2019,13.15519,2019,5.683382,2019,97,2019,346000000 ,2019,77.19501,2014,154.6652,2017,12.36022,2020,85.84143,38,2019,29,130,2020,147,0.4302,2019,167,0.515,2019,0.822,2019,0.573,2020,18.68132,2019,2.67,2019,345,22,8,2019,1,1833184,3136939,82906,,49021,353514,393622,5849185
Uganda,Uganda,UGA,285,Sub-Saharan Africa,우간다,아프리카,Africa,동아프리카,yes,yes,우간다 사무소,Uganda,LDC,2020,45700000 ,2020,817.0358,2020,800,2016,41.3,2016,42.8,2018,76.5275,2007,21.84195,2007,27.5104,2007,0.79395,2019,12.30006,2019,6.130706,2019,116,2019,1270000000 ,2019,57.36557,,,2017,23.70653,2020,92.77037,24,2019,28,137,2020,137,0.4499,2019,159,0.544,2019,0.863,2019,0.535,2020,34.85839,2019,2.21,2019,2445,54,6,2019,26,11400000,18200000,12600000,3890249,3524593,31900000,21500000,103000000
Burki Faso,Burki Faso,BFA,287,Sub-Saharan Africa,부르키나파소,아프리카,Africa,서아프리카,no,no,코트디부아르 사무소,Burki Faso,LDC,2020,20900000 ,2020,830.9251,2020,790,2014,43.8,2014,35.3,2018,41.22445,2019,41.99523,2019,40.65269,2019,1.03302,2019,15.6817,2019,7.495593,2019,151,2019,163000000 ,2019,100.2122,,,2017,15.87621,2020,85.92852,37,2019,40,85,2020,164,0.3558,2019,182,0.452,2019,0.867,2019,0.594,2020,6.299213,2019,4.54,2019,1220,45,7,2019,1,2036914,338273,139747,244773,119935,385173,1798639,5063454
Zambia,Zambia,ZMB,288,Sub-Saharan Africa,잠비아,아프리카,Africa,동아프리카,no,no,탄자니아 사무소,Zambia,LDC,2020,18400000 ,2020,1050.919,2020,1190,2015,58.7,2015,57.1,2018,86.74796,1988,14.65577,1988,24.51735,1988,0.59777,2019,16.67761,2019,4.261723,2019,85,2019,548000000 ,2019,96.41441,2014,717.3473,2018,14.3,2020,84.47413,41,2019,34,113,2020,148,0.4242,2019,146,0.584,2019,0.958,2019,0.539,2020,16.76647,2019,13.09,2019,987,56,4,2019,2,2076035,690036,280289,27057,212376,3349892,1601480,8237165
Costa Rica,Costa Rica,CRI,336,Latin America & Caribbean,코스타리카,중남미,Latin America,중남미,no,no,엘살바도르 사무소,Costa Rica,UMIC,2020,5094114 ,2020,12076.81,2020,11460,2019,1,2019,48.2,2018,97.86379,2019,146.6447,2019,136.318,2019,1.07575,2019,13.47178,2019,0.0992496,2019,74,2019,2510000000 ,2019,169.3936,2014,1942.491,2019,81.2026,2020,40.18402,147,2019,56,44,2020,56,0.7576,2019,62,0.81,2019,0.981,2019,0.288,2020,45.61404,2019,14.96,2019,678,80,0,2019,2,3544609,2611188,2505664,1542887,250456,248216,1567988,12300000
Cuba,Cuba,CUB,338,Latin America & Caribbean,쿠바,중남미,Latin America,중남미,no,no,도미니카 공화국 사무소,Cuba,UMIC,2020,11300000 ,2019,9099.673,2016,7480,,,,,2012,99.75253,2019,100.8895,2019,99.82002,2019,1.01071,,,2016,2.995038,,,,,2019,53.31661,2014,1450.883,2019,61.8363,2020,59.22776,118,2019,48,60,2020,140,0.4439,2019,70,0.783,2019,0.944,2019,0.304,2020,53.22314,2019,1.8,2019,496,92,,2019,1,113611,1331355,1576746,,142511,4980009,,8144233
Dominican Republic,Dominican Republic,DOM,340,Latin America & Caribbean,도미니카공화국,중남미,Latin America,중남미,no,yes,도미니카 공화국 사무소,Dominican Republic,UMIC,2020,10800000 ,2020,7268.197,2020,7260,2019,0.6,2019,41.9,2016,93.77846,2019,85.01241,2019,78.25646,2019,1.08633,2019,13.30278,2019,0.1584043,2019,115,2019,2830000000 ,2019,83.32379,2014,1615.515,2018,74.82429,2020,64.3562,107,2019,28,137,2020,82,0.6782,2019,88,0.756,2019,0.999,2019,0.455,2020,27.89474,2019,9.6,2019,1774,60,0,2019,6,10100000,15200000,4097159,1274166,750759,1709339,7490628,40700000
El Salvador,El Salvador,SLV,342,Latin America & Caribbean,엘살바도르,중남미,Latin America,중남미,no,yes,엘살바도르 사무소,El Salvador,LMIC,2020,6486201 ,2020,3798.637,2020,3650,2019,1.3,2019,38.8,2018,89.0086,2018,71.42326,2018,71.89581,2018,0.99343,2019,18.07102,2019,1.195809,2019,91,2019,696000000 ,2018,146.9221,2014,937.0745,2017,33.82073,2020,68.89464,93,2019,34,113,2020,107,0.5697,2019,124,0.673,2019,0.975,2019,0.383,2020,33.33333,2019,3.7,2019,1176,83,1,2019,6,16000000,13600000,8932781,549598,958338,10800000,9111153,59900000
Guatemala,Guatemala,GTM,347,Latin America & Caribbean,과테말라,중남미,Latin America,중남미,no,yes,과테말라 사무소,Guatemala,LMIC,2020,16900000 ,2020,4603.34,2020,4490,2014,8.8,2014,48.3,2014,81.2859,2019,50.11747,2019,52.14148,2019,0.96118,2019,10.45602,2019,0.5209069,2019,96,2019,1170000000 ,2019,118.728,2014,601.1897,2017,40.70305,2020,79.17635,58,2019,26,146,2020,121,0.5155,2019,127,0.663,2019,0.941,2019,0.479,2020,19.375,2019,3.42,2019,421,79,1,2019,7,18700000,15900000,3202146,997911,1360910,9354346,12300000,61800000
Haiti,Haiti,HTI,349,Latin America & Caribbean,아이티,중남미,Latin America,중남미,no,no,도미니카 공화국 사무소,Haiti,LDC,2020,11400000 ,2020,1176.756,2020,1250,2012,24.5,2012,41.1,2016,61.69135,,,,,,,,,2019,5.051308,2019,179,2019,75000000 ,2019,60.75942,2014,39.05581,2018,32.47363,2020,97.679,13,2019,18,168,2020,180,0.2723,2019,170,0.51,2019,0.875,2019,0.636,2019,2.542373,2019,16.25,2019,761,56,9,2019,3,7607039,7765185,6957095,83954,3344890,544671,1401350,27700000
Honduras,Honduras,HND,351,Latin America & Caribbean,온두라스,중남미,Latin America,중남미,no,no,과테말라 사무소,Honduras,LMIC,2020,9904608 ,2020,2405.733,2020,2200,2019,14.8,2019,48.2,2018,87.20524,2019,70.19013,2019,62.44866,2019,1.12397,2015,17.34447,2019,1.974394,2019,133,2019,955000000 ,2019,77.5676,2014,619.8371,2017,32.13636,2020,76.78898,64,2019,26,146,2020,138,0.4486,2019,132,0.634,2019,0.978,2019,0.423,2020,21.09375,2019,7.13,2019,1004,48,2,2019,23,10200000,11300000,6362162,417153,383899,748592,2262077,31700000
Belize,Belize,BLZ,352,Latin America & Caribbean,벨리즈,중남미,Latin America,중남미,no,no,엘살바도르 사무소,Belize,UMIC,2020,397621 ,2020,4435.621,2020,3970,1999,13.9,1999,53.3,2000,76.90298,2019,87.18951,2019,85.59892,2019,1.01858,2017,26.02714,2019,2.064446,2019,135,2019,93900000 ,2019,65.30474,,,2017,47.08263,2020,60.79467,114,,,,2020,136,0.4548,2019,110,0.716,2019,0.976,2019,0.415,2020,9.677419,2019,9.66,2019,64,25,2,2019,0,1369060,937298,472970,26021,107807,17287,214716,3145158
Jamaica,Jamaica,JAM,354,Latin America & Caribbean,자메이카,중남미,Latin America,중남미,no,no,도미니카 공화국 사무소,Jamaica,UMIC,2020,2961161 ,2020,4664.529,2020,4620,2004,1.7,2004,45.5,2014,88.1,2019,86.1338,2019,84.60651,2019,1.01805,2019,27.45394,2019,0.8239274,2019,71,2019,665000000 ,2019,102.564,2014,1050.733,2017,55.07207,2020,60.02495,116,2019,43,74,2020,114,0.5392,2019,101,0.734,2019,0.994,2019,0.396,2020,28.57143,2019,9.94,2019,217,52,1,2019,0,1391998,1350986,2209284,155109,162621,1519736,1229907,8019640
Mexico,Mexico,MEX,358,Latin America & Caribbean,멕시코,중남미,Latin America,중남미,no,no,과테말라 사무소,Mexico,UMIC,2020,129000000 ,2020,8346.702,2020,8480,2018,1.7,2018,45.4,2018,95.37991,2018,109.5876,2018,100.7587,2018,1.08762,2019,13.14822,2019,0.0434764,2019,60,2019,29400000000 ,2019,95.6616,2014,2157.324,2019,70.06991,2020,67.2,98,2019,29,130,2020,61,0.7291,2019,74,0.779,2019,0.96,2019,0.322,2020,48.2,2019,3.52,2019,13297,95,0,2019,1,168684,91586,85020,10217,815415,50114,1078972,2300008
Nicaragua,Nicaragua,NIC,364,Latin America & Caribbean,니카라과,중남미,Latin America,중남미,no,no,엘살바도르 사무소,Nicaragua,LMIC,2020,6624554 ,2020,1905.257,2020,1850,2014,3.4,2014,46.2,2015,82.61455,2010,77.95794,2010,69.13564,2010,1.12761,2019,17.5431,2019,3.204988,2019,142,2019,503000000 ,2019,88.43374,2014,568.3137,2017,27.86304,2020,77.07751,62,2019,22,161,2020,123,0.5139,2019,128,0.66,2019,1.012,2019,0.428,2020,47.25275,2019,5.16,2019,418,38,3,2019,46,6669994,5203398,945852,238187,554458,3252772,571050,17400000
Pama,Pama,PAN,366,Latin America & Caribbean,파나마,중남미,Latin America,중남미,no,no,엘살바도르 사무소,Pama,UMIC,2020,4314768 ,2020,12269.05,2020,11880,2019,1.2,2019,49.8,2018,95.41181,2017,78.2784,2017,74.07363,2017,1.05676,2018,9.94374,2019,0.1147296,2019,86,2019,5890000000 ,2019,131.8518,2014,2064.178,2019,63.62841,2020,45.98191,140,2019,36,101,2020,84,0.6715,2019,57,0.815,2019,1.019,2019,0.407,2020,22.53521,2019,5.82,2019,1808,67,0,2019,0,4540500,2224404,622011,17431,261117,246986,1464000,9376449
Antigua and Barbuda,Antigua and Barbuda,ATG,377,Latin America & Caribbean,안티구아 바부다,중남미,Latin America,중남미,no,no,도미니카 공화국 사무소,Antigua and Barbuda,UMIC,2020,97928 ,2020,14450,2020,14250,,,,,2015,98.95,2018,109.0701,2018,113.2773,2018,0.96286,,,2019,1.763601,2019,113,2019,139000000 ,2017,192.8196,,,2016,73,2020,52.06235,127,,,,2020,98,0.6055,2019,78,0.778,,,,,2020,11.11111,,,2019,26,27,2,2019,0,1183887,13318,165177,8650,39966,,137288,1548286
Dominica,Dominica,DMA,378,Latin America & Caribbean,도미니카연방,중남미,Latin America,중남미,no,no,도미니카 공화국 사무소,Dominica,UMIC,2020,71991 ,2020,6526.793,2020,6870,,,,,,,2019,102.2448,2019,99.9184,2019,1.02328,,,2019,9.100095,2019,111,2019,32600000 ,2018,105.7885,,,2017,69.61967,1960,,,2019,55,48,2020,99,0.6013,2019,94,0.742,,,,,2020,34.375,,,2019,43,11,9,2019,0,1029599,116919,199971,14655,70809,108833,86405,1627190
Greda,Greda,GRD,381,Latin America & Caribbean,그레나다,중남미,Latin America,중남미,no,no,도미니카 공화국 사무소,Greda,UMIC,2020,112519 ,2020,9680.176,2020,8740,,,,,2014,98.6,2018,122.0999,2018,118.2169,2018,1.03285,,,2019,1.343077,2019,146,2019,131000000 ,2018,104.2439,,,2017,59.07174,2020,55.24685,125,2019,53,51,2020,102,0.5812,2019,74,0.779,,,,,2020,46.66667,,,2019,18,7,1,2019,0,883117,80690,279075,9591,60106,86009,172342,1570930
Saint Lucia,St. Lucia,LCA,383,Latin America & Caribbean,세인트루시아,중남미,Latin America,중남미,no,no,도미니카 공화국 사무소,Saint Lucia,UMIC,2020,183629 ,2020,9276.118,2020,8790,2016,4.6,2016,51.2,,,2019,88.6277,2019,91.0857,2019,0.97301,2017,18.21977,2019,1.599103,2019,93,2019,30600000 ,2018,101.6796,,,2017,50.81524,1960,,,2019,55,48,2020,112,0.5444,2019,86,0.759,2019,0.985,2019,0.401,2020,16.66667,2019,17.18,2019,52,18,2,2019,0,962416,57631,314814,,181296,40220,259299,1815676
Saint Vincent and the Gredines,St. Vincent and the Gredines,VCT,384,Latin America & Caribbean,세인트빈센트,중남미,Latin America,중남미,no,no,도미니카 공화국 사무소,Saint Vincent and the Gredines,UMIC,2020,110947 ,2020,7297.912,2020,7340,,,,,1970,95.63216,2018,108.675,2018,105.8749,2018,1.02645,2017,25.35766,2019,10.32887,2019,130,2019,113000000 ,2019,92.86638,,,2016,20.68944,1960,,,2019,59,39,2020,109,0.5605,2019,97,0.738,2019,0.965,,,2020,18.18182,2019,16.58,2019,82,10,10,2019,0,953166,249780,32332,9336,,,389366,1633979
Argenti,Argenti,ARG,425,Latin America & Caribbean,아르헨티나,중남미,Latin America,중남미,no,no,파라과이 사무소,Argenti,UMIC,2020,45400000 ,2020,8441.919,2020,8930,2019,1.5,2019,42.9,2018,99.00387,2017,111.0335,2017,106.5118,2017,1.04245,2019,10.64932,2019,0.0042679,2019,126,2019,6660000000 ,2019,125.8421,2014,3074.702,2017,74.29491,2020,46.08795,138,2019,45,66,2020,32,0.8279,2019,46,0.845,2019,0.993,2019,0.328,2020,40.85603,2019,10.7,2019,3488,23,0,2019,0,280653,2474,63663,,30229,134134,76793,587947
Bolivia (Pluritiol State of),Bolivia,BOL,428,Latin America & Caribbean,볼리비아,중남미,Latin America,중남미,yes,yes,볼리비아. 사무소,Bolivia (Pluritiol State of),LMIC,2020,11700000 ,2020,3143.045,2020,3200,2019,3.2,2019,41.6,2015,92.45508,2018,88.75827,2018,90.65176,2018,0.97911,2007,16.96487,2019,1.787805,2019,150,2019,-217000000 ,2019,101.5263,2014,742.5384,2018,44.28614,2020,74.96687,70,2019,31,123,2020,97,0.6129,2019,107,0.718,2019,0.945,2019,0.417,2020,46.15385,2019,3.54,2019,1116,43,2,2019,20,12800000,7261773,8049580,1342503,61552,18000000,43400000,90900000
Brazil,Brazil,BRA,431,Latin America & Caribbean,브라질,중남미,Latin America,중남미,no,no,파라과이 사무소,Brazil,UMIC,2020,213000000 ,2020,6796.845,2020,7850,2019,4.6,2019,53.4,2018,93.2275,2011,99.85424,2011,90.85149,2011,1.09909,2019,13.73616,2019,0.0158811,2019,124,2019,69200000000 ,2019,95.71653,2014,2619.96,2018,70.43428,2020,72.99411,75,2019,35,106,2020,54,0.7677,2019,84,0.765,2019,0.993,2019,0.408,2020,14.61988,2019,14.14,2019,10195,91,0,2019,1,116923,,82519,,552,98695,,298689
Colombia,Colombia,COL,437,Latin America & Caribbean,콜롬비아,중남미,Latin America,중남미,yes,yes,콜롬비아 사무소,Colombia,UMIC,2020,50900000 ,2020,5332.774,2020,5780,2019,4.9,2019,51.3,2018,95.09251,2018,100.0915,2018,95.03002,2018,1.05326,2019,15.07137,2019,0.2853441,2019,67,2019,14300000000 ,2019,131.6724,2014,1312.199,2019,65.0069,2020,76.61419,65,2019,37,96,2020,67,0.7164,2019,83,0.767,2019,0.989,2019,0.428,2020,18.3432,2019,12.76,2019,3627,86,0,2019,43,19300000,11100000,19100000,1426678,2310489,13600000,22200000,89000000
Ecuador,Ecuador,ECU,440,Latin America & Caribbean,에콰도르,중남미,Latin America,중남미,no,yes,에콰도르 사무소,Ecuador,UMIC,2020,17600000 ,2020,5600.39,2020,5530,2019,3.6,2019,45.7,2017,92.82979,2018,102.8441,2018,100.0829,2018,1.02759,,,2019,0.499668,2019,129,2019,962000000 ,2019,91.24789,2014,1376.394,2016,54.06292,2020,69.40303,89,2019,38,93,2020,74,0.7015,2019,86,0.759,2019,0.967,2019,0.384,2020,39.41606,2019,4.6,2019,2808,70,1,2019,24,17900000,22200000,22900000,1106355,374681,12500000,14300000,91300000
Guya,Guya,GUY,446,Latin America & Caribbean,가이아나,중남미,Latin America,중남미,no,no,콜롬비아 사무소,Guya,UMIC,2020,786559 ,2020,6955.939,2020,6600,1998,11.8,1998,45.1,2014,85.63973,2012,99.2102,2012,96.28949,2012,1.03033,,,2019,2.20923,2019,134,2019,1700000000 ,2017,82.97107,,,2017,37.32584,2020,65.95106,101,2019,40,85,2020,129,0.4909,2019,122,0.682,2019,0.961,2019,0.462,2020,35.71429,2019,16.46,2019,1479,46,3,2019,0,2099751,50068,,,39804,16882,98548,2305053
Paraguay,Paraguay,PRY,451,Latin America & Caribbean,파라과이,중남미,Latin America,중남미,yes,yes,파라과이 사무소,Paraguay,UMIC,2020,7132530 ,2020,4949.75,2020,5140,2019,0.9,2019,45.7,2018,94.0208,2012,78.644,2012,73.30059,2012,1.0729,2019,10.00061,2019,0.3531805,2019,125,2019,596000000 ,2019,110.181,2014,1552.385,2019,68.51763,2020,65.17819,104,2019,28,137,2020,93,0.6487,2019,103,0.728,2019,0.966,2019,0.446,2020,16.25,2019,8.34,2019,224,55,0,2019,14,26200000,32100000,27100000,1446023,1341641,7889151,33400000,129000000
Peru,Peru,PER,454,Latin America & Caribbean,페루,중남미,Latin America,중남미,yes,yes,페루 사무소,Peru,UMIC,2020,33000000 ,2020,6126.875,2020,6010,2019,2.2,2019,41.5,2018,94.40827,2019,105.5985,2019,112.144,2019,0.94163,2019,14.51603,2019,0.2176537,2019,76,2019,8890000000 ,2018,131.7779,2014,1345.879,2019,59.9505,2020,67.62811,97,2019,36,101,2020,71,0.7083,2019,79,0.777,2019,0.957,2019,0.395,2020,26.15385,2019,3.28,2019,630,89,0,2019,17,26200000,31100000,17300000,2298840,1432621,3593014,51000000,133000000
Surime,Surime,SUR,457,Latin America & Caribbean,수리남,중남미,Latin America,중남미,no,no,콜롬비아 사무소,Surime,UMIC,2020,586634 ,2020,6491.139,2020,5510,1999,21.1,1999,57.9,2018,94.38327,2015,88.63937,2015,67.06223,2015,1.32175,,,2019,0.6144804,2019,162,2019,72400000 ,2019,139.9868,2014,3596.745,2017,48.94517,2020,60.12231,115,2019,44,70,2020,122,0.5154,2019,97,0.738,2019,0.985,2019,0.436,2020,29.41176,2019,11.33,2019,251,34,1,,,1037067,6490,44454,8130,20073,52890,293738,1462843
Venezuela (Bolivarian Republic of),Venezuela,VEN,463,Latin America & Caribbean,베네수엘라,중남미,Latin America,중남미,no,no,콜롬비아 사무소,Venezuela (Bolivarian Republic of),UMIC,2020,28400000 ,2014,16055.65,2014,13080,2006,6.7,2006,44.8,2016,97.12709,2017,91.56483,2017,84.73322,2017,1.08062,,,2014,0.0090432,2019,188,2019,934000000 ,2019,47.25897,2014,2719.138,2017,64.31336,2020,91.15759,28,2019,16,173,2020,118,0.5268,2019,113,0.711,2019,1.009,2019,0.479,2020,22.15569,2019,7.72,2019,-267,63,,2019,1,527187,88598,141438,,280038,135693,418567,1591521
Iran (Islamic Republic of),Iran,IRN,540,Middle East & North Africa,이란,중동중앙아,Middle East and Central Asia,중동중앙아,no,no,이라크 사무소,Iran (Islamic Republic of),UMIC,2020,84000000 ,2020,2282.552,2020,2870,2018,0.5,2018,42,2016,85.54425,2017,84.65444,2017,87.9016,2017,0.96306,2009,7.358478,2019,0.0814104,2019,127,2019,1510000000 ,2019,142.3904,2014,3022.122,2018,70.00455,2020,83.38661,44,2019,26,146,2020,89,0.6593,2019,70,0.783,2019,0.866,2019,0.459,2020,5.594406,2019,18.12,2019,-221,76,,2019,4,1067737,6001854,541512,68229,770870,262140,754421,9466762
Iraq,Iraq,IRQ,543,Middle East & North Africa,이라크,중동중앙아,Middle East and Central Asia,중동중앙아,no,yes,이라크 사무소,Iraq,UMIC,2020,40200000 ,2020,4157.484,2020,4660,2012,1.7,2012,29.5,2017,85.6,2007,46.00391,2007,61.39152,2007,0.74935,2019,1.412308,2019,0.9996513,2019,172,2019,-3080000000 ,2019,94.69592,2014,1328.23,2018,75,2020,95.94117,17,2019,20,162,2020,143,0.436,2019,123,0.674,2019,0.774,2019,0.577,2020,26.44377,2019,30.59,2019,1041,80,1,2019,17,122000000,97200000,44500000,2142931,23200000,4150674,74800000,368000000
Jordan,Jordan,JOR,549,Middle East & North Africa,요르단,중동중앙아,Middle East and Central Asia,중동중앙아,no,yes,요르단 사무소,Jordan,LMIC,2020,10200000 ,2020,4282.766,2020,4310,2010,0.1,2010,33.7,2018,98.22711,2019,66.00149,2019,64.4016,2019,1.02484,2019,14.81404,2019,6.284357,2019,75,2019,825000000 ,2019,77.00461,2014,1864.932,2017,66.79031,2020,75.42853,67,2019,48,60,2020,117,0.5309,2019,102,0.729,2019,0.875,2019,0.45,2020,11.53846,2019,23.81,2019,3942,83,6,2019,27,15800000,42900000,4902401,990425,8125,678848,18100000,83300000
"Palestine, State of",West Bank and Gaza,PSE,550,Middle East & North Africa,팔레스타인,중동중앙아,Middle East and Central Asia,중동중앙아,no,yes,팔레스타인 사무소,"Palestine, State of",LMIC,2020,4803269 ,2020,3239.731,2020,3710,2016,0.8,2016,33.7,2018,97.21861,2019,94.95926,2019,86.54762,2019,1.09719,,,2019,11.0804,2019,117,2019,122000000 ,2019,86.32539,,,2019,70.62261,1960,,,,,,,,,,,,,,,,,,2019,41.14,2019,2236,67,,2019,6,23200000,33600000,2412441,661936,3878578,624107,9048404,73500000
Lebanon,Lebanon,LBN,555,Middle East & North Africa,레바논,중동중앙아,Middle East and Central Asia,중동중앙아,no,no,요르단 사무소,Lebanon,UMIC,2020,6825442 ,2020,4891.001,2020,5510,2011,,2011,31.8,2018,95.06944,1985,60.11933,1985,62.25544,1985,0.96569,2019,15.29111,2019,2.969447,2019,143,2019,2220000000 ,2019,61.8165,2014,2588.865,2017,78.18077,2020,84.72043,40,2019,28,137,2020,127,0.4955,2019,92,0.744,2019,0.892,2019,0.411,2020,4.6875,2019,9.77,2019,1502,65,3,2019,2,2386124,5358194,362878,101905,1217783,1842685,830982,12100000
Syrian Arab Republic,Syrian Arab Republic,SYR,573,Middle East & North Africa,시리아,중동중앙아,Middle East and Central Asia,중동중앙아,no,no,요르단 사무소,Syrian Arab Republic,LMIC,2020,17500000 ,2007,2032.623,2007,1820,2003,0.9,2003,37.5,2004,80.84452,2013,52.38136,2013,52.67416,2013,0.99444,,,2007,0.2120063,2019,176,2011,804000000 ,2019,113.5762,2014,974.5755,2017,34.2534,2020,110.7497,4,2019,13,178,2020,131,0.4763,2019,151,0.567,2019,0.829,2019,0.482,2020,11.2,2019,20.37,2019,10232,94,,2019,10,1189314,1895035,54386,36219,9891780,46364,2009842,15100000
Yemen,Yemen,YEM,580,Middle East & North Africa,예멘,중동중앙아,Middle East and Central Asia,중동중앙아,no,no,요르단 사무소,Yemen,LDC,2020,29800000 ,2018,824.1177,2018,940,2014,18.3,2014,36.7,2004,54.1,2016,43.25849,2016,59.60209,2016,0.72579,,,2018,34.02466,2019,187,2019,-371000000 ,2018,53.67893,2014,219.7999,2017,26.71835,2020,112.4387,1,2019,15,177,2020,173,0.3045,2019,179,0.47,2019,0.488,2019,0.795,2020,0.3322259,2019,25.25,2019,4681,66,,2019,18,2527685,954517,572234,69432,3568935,88087,1468993,9249884
Armenia,Armenia,ARM,610,Europe & Central Asia,아르메니아,중동중앙아,Middle East and Central Asia,중동중앙아,no,no,본부,Armenia,LMIC,2020,2963234 ,2020,4267.452,2020,4220,2019,1.1,2019,29.9,2017,99.73607,2019,88.88324,2019,84.38041,2019,1.05336,2019,22.19795,2019,3.019524,2019,47,2019,254000000 ,2019,122.3488,2014,1961.61,2018,68.24505,2020,64.2,108,2019,42,77,2020,68,0.7136,2019,81,0.776,2019,0.982,2019,0.245,2020,23.48485,2019,20.27,2019,753,29,3,2019,0,2538641,168081,164221,11028,,51073,160989,3094034
Azerbaijan,Azerbaijan,AZE,611,Europe & Central Asia,아제르바이잔,중동중앙아,Middle East and Central Asia,중동중앙아,no,yes,아제르바이잔 사무소,Azerbaijan,UMIC,2020,10100000 ,2020,4214.311,2020,4450,2005,,2005,26.6,2017,99.79123,2019,94.66228,2019,94.87436,2019,0.99776,2019,14.21885,2019,0.2623543,2019,34,2019,1500000000 ,2019,106.9925,2014,2202.394,2018,79.8,2020,71.28216,78,2019,30,126,2020,70,0.71,2019,88,0.756,2019,0.943,2019,0.323,2020,17.35537,2019,5.73,2019,947,85,0,2019,21,14900000,8620274,36900000,395591,165495,3705840,332387,65000000
Georgia,Georgia,GEO,612,Europe & Central Asia,조지아,기타,Others,중동중앙아,no,no,본부,Georgia,LMIC,2020,3714000 ,2020,4278.861,2020,4290,2019,3.8,2019,35.9,2017,99.36426,2019,106.7527,2019,105.8918,2019,1.00813,2019,19.62453,2019,2.97455,2019,7,2019,1340000000 ,2019,134.7205,2014,2693.973,2019,68.84671,2020,71.1523,80,2019,56,44,2020,65,0.7174,2019,61,0.812,2019,0.98,2019,0.331,2020,20.66667,2019,10.15,2019,1132,60,3,2019,0,688881,370336,291375,,153741,24742,32826,1561902
Kazakhstan,Kazakhstan,KAZ,613,Europe & Central Asia,카자흐스탄,중동중앙아,Middle East and Central Asia,중동중앙아,no,no,본부,Kazakhstan,UMIC,2020,18800000 ,2020,9055.745,2020,8680,2018,,2018,27.8,2018,99.78163,2019,113.793,2019,112.6905,2019,1.00978,2019,11.78694,2019,0.0342256,2019,25,2019,3320000000 ,2019,138.6292,2014,5600.208,2019,81.87763,2020,59.7701,117,2019,34,113,2020,29,0.8375,2019,51,0.825,2019,0.98,2019,0.19,2020,27.1028,2019,5.32,2019,-1022,74,0,2019,2,8520029,13600000,2195867,437554,236420,335635,8721091,34000000
Kyrgyzstan,Kyrgyz Republic,KGZ,614,Europe & Central Asia,키르기스스탄,중동중앙아,Middle East and Central Asia,중동중앙아,yes,yes,키르기스스탄 사무소,Kyrgyzstan,LMIC,2020,6591600 ,2020,1173.611,2020,1160,2019,0.6,2019,29.7,2018,99.586,2019,96.28868,2019,96.44207,2019,0.99841,2019,16.86407,2019,5.545303,2019,80,2019,279000000 ,2019,134.3947,2014,1941.222,2017,38.19904,2020,73.92936,73,2019,30,126,2020,83,0.6749,2019,120,0.697,2019,0.957,2019,0.369,2020,16.52174,2019,8.7,2019,481,55,6,2019,8,27600000,7829764,6046660,784137,573635,10900000,1509017,55300000
Tajikistan,Tajikistan,TJK,615,Europe & Central Asia,타지키스탄,중동중앙아,Middle East and Central Asia,중동중앙아,yes,no,우즈베키스탄 사무소,Tajikistan,LMIC,2020,9537642 ,2020,859.138,2020,1060,2015,4.1,2015,34,2014,99.8,2013,83.80613,2013,92.97615,2013,0.90137,2004,9.821024,2019,3.805943,2019,106,2019,213000000 ,2017,111.5282,2014,1499.486,2017,21.96,2020,75.50515,66,2019,25,153,2020,133,0.4649,2019,125,0.668,2019,0.823,2019,0.314,2020,23.80952,2019,5.17,2019,424,37,4,2019,2,2126702,447451,6221159,73577,692073,1096544,447402,11100000
Turkmenistan,Turkmenistan,TKM,616,Europe & Central Asia,투르크메니스탄,중동중앙아,Middle East and Central Asia,중동중앙아,no,no,우즈베키스탄 사무소,Turkmenistan,UMIC,2020,6031187 ,2019,7612.035,2019,7220,1998,49.8,1998,40.8,2014,99.7,2019,88.83116,2019,90.49076,2019,0.98166,,,2019,0.0581975,,,2019,2170000000 ,2017,162.8611,2014,2678.765,2017,21.251,2020,69.05814,90,2019,19,165,2020,158,0.4034,2019,111,0.715,,,,,2020,25,2019,2.04,2019,-1016,60,,2019,3,1941479,6026755,623629,59486,14198,94851,5916,8766314
Uzbekistan,Uzbekistan,UZB,617,Europe & Central Asia,우즈베키스탄,중동중앙아,Middle East and Central Asia,중동중앙아,yes,yes,우즈베키스탄 사무소,Uzbekistan,LMIC,2020,34200000 ,2020,1685.765,2020,1670,2003,61.6,2003,35.3,2018,99.99289,2019,97.14579,2019,97.67924,2019,0.99454,2019,13.17505,2019,1.978022,2019,69,2019,2320000000 ,2019,101.2076,2014,1645.442,2018,55.2,2020,73.10389,74,2019,25,153,2020,87,0.6665,2019,106,0.72,2019,0.939,2019,0.288,2020,32,2019,5.49,2019,3582,63,2,2019,53,30100000,68600000,23600000,1460677,1622910,9422101,25200000,160000000
Afghanistan,Afghanistan,AFG,625,South Asia,아프가니스탄,아시아/태평양,Asia-Pacific,중동중앙아,no,yes,아프가니스탄 사무소,Afghanistan,LDC,2020,38900000 ,2020,508.8084,2020,500,,,,,2018,43.01972,2018,39.9984,2018,70.05276,2018,0.57098,2017,9.898451,2019,21.86151,2019,173,2019,23400000 ,2019,59.35602,,,2017,11.44769,2020,102.9012,9,2019,16,173,2020,169,0.3203,2019,169,0.511,2019,0.66,2019,0.655,2020,27.01613,2019,13.81,2019,4301,69,22,2019,29,111000000,62600000,5371832,743382,5381192,12100000,80600000,278000000
Bhutan,Bhutan,BTN,630,South Asia,부탄,아시아/태평양,Asia-Pacific,서남아태평양,no,no,방글라데시 사무소,Bhutan,LDC,2020,771612 ,2020,3122.376,2020,2860,2017,1.5,2017,37.4,2017,66.56115,2018,95.71011,2018,84.70749,2018,1.12989,2018,16.01758,2019,7.883966,2019,89,2019,13000000 ,2019,95.56371,,,2016,41.77264,2020,69.50902,88,2019,68,25,2020,103,0.5777,2019,129,0.654,2019,0.921,2019,0.421,2020,14.89362,2019,3.02,2019,188,23,,2019,2,2964036,1830673,901477,449017,632414,1597807,278334,8653757
Myanmar,Myanmar,MMR,635,East Asia & Pacific,미얀마,아시아/태평양,Asia-Pacific,동남아1,yes,yes,미얀마 사무소,Myanmar,LDC,2020,54400000 ,2020,1400.218,2020,1260,2017,1.4,2017,30.7,2016,75.5512,2018,71.29753,2018,65.5965,2018,1.08691,2019,5.940767,2019,2.677276,2019,165,2019,1740000000 ,2018,113.8445,2014,215.2989,2017,23.62108,2020,94,22,2019,29,130,2020,146,0.4316,2019,147,0.583,2019,0.954,2019,0.478,2020,16.8254,2019,0.59,2019,2768,73,3,2019,65,23900000,67200000,30300000,2368162,4665576,69100000,10100000,208000000
Sri Lanka,Sri Lanka,LKA,640,South Asia,스리랑카,아시아/태평양,Asia-Pacific,서남아태평양,yes,yes,스리랑카 사무소,Sri Lanka,LMIC,2020,21900000 ,2020,3682.038,2020,3720,2016,0.9,2016,39.3,2018,91.70982,2018,102.6321,2018,98.04097,2018,1.04683,2019,11.55619,2019,0.2419757,2019,99,2019,758000000 ,2019,144.3396,2014,531.0906,2017,34.11335,2020,81.8,52,2019,38,93,2020,85,0.6708,2019,72,0.782,2019,0.955,2019,0.401,2020,5.381166,2019,6.87,2019,583,60,0,2019,37,25400000,63600000,31700000,4978661,12300000,20400000,20100000,178000000
India,India,IND,645,South Asia,인도,아시아/태평양,Asia-Pacific,서남아태평양,yes,no,방글라데시 사무소,India,LMIC,2020,1380000000 ,2020,1900.707,2020,1900,2011,22.5,2011,35.7,2018,74.37299,2019,74.52296,2019,73.14083,2019,1.0189,2018,12.02552,2019,0.0918163,2019,63,2019,50600000000 ,2019,84.27001,2014,804.5163,2018,20.0813,2020,75.30743,68,2019,41,80,2020,100,0.5964,2019,131,0.645,2019,0.82,2019,0.488,2020,14.36464,2019,5.21,2019,24045,72,0,2019,2,1020254,617826,1221929,46192,292634,686385,412223,4297443
Maldives,Maldives,MDV,655,South Asia,몰디브,아시아/태평양,Asia-Pacific,서남아태평양,no,no,스리랑카 사무소,Maldives,UMIC,2020,540542 ,2020,7455.856,2020,6830,2016,,2016,31.3,2016,97.73495,2019,78.40451,2019,84.26984,2019,0.9304,2009,9.100668,2019,1.418332,2019,147,2019,961000000 ,2019,155.9539,,,2017,63.18567,2020,66.2,99,2019,29,130,2020,105,0.574,2019,95,0.74,2019,0.923,2019,0.369,2020,4.597701,2019,5.22,2019,213,53,1,2019,0,1538612,169911,342338,173051,3189335,79335,254694,5747277
Nepal,Nepal,NPL,660,South Asia,네팔,아시아/태평양,Asia-Pacific,서남아태평양,yes,yes,네팔 사무소,Nepal,LDC,2020,29100000 ,2020,1155.143,2020,1190,2010,15,2010,32.8,2018,67.90843,2019,83.0243,2019,77.373,2019,1.07304,2019,19.80906,2019,3.93963,2019,94,2019,186000000 ,2018,139.4464,2014,146.473,2017,21.40351,2020,82.5666,49,2019,34,113,2020,132,0.4699,2019,142,0.602,2019,0.933,2019,0.452,2020,32.72727,2019,2.73,2019,1442,38,4,2019,17,29000000,44000000,16000000,3419284,2536255,23500000,48400000,167000000
Pakistan,Pakistan,PAK,665,South Asia,파키스탄,아시아/태평양,Asia-Pacific,서남아태평양,yes,yes,파키스탄 사무소,Pakistan,LMIC,2020,221000000 ,2020,1193.733,2020,1280,2018,4.4,2018,31.6,2017,59.13205,2019,40.65109,2019,46.74408,2019,0.86965,,,2019,0.7962748,2019,108,2019,2230000000 ,2019,76.37689,2014,447.5052,2019,17.0709,2020,92.07809,25,2019,32,120,2020,153,0.4183,2019,154,0.557,2019,0.745,2019,0.538,2020,20.17544,2019,4.32,2019,3021,41,1,2019,51,6319849,17600000,11500000,1323054,13200000,4245281,5470472,59600000
Bangladesh,Bangladesh,BGD,666,South Asia,방글라데시,아시아/태평양,Asia-Pacific,서남아태평양,yes,yes,방글라데시 사무소,Bangladesh,LDC,2020,165000000 ,2020,1968.792,2020,2010,2016,14.3,2016,32.4,2019,74.68446,2019,78.27727,2019,67.0911,2019,1.16673,2016,8.765028,2019,1.414519,2019,168,2019,1910000000 ,2019,101.5492,2014,320.2099,2019,12.9,2020,85.7,39,2019,26,146,2020,119,0.5189,2019,133,0.632,2019,0.904,2019,0.537,2020,20.91691,2019,6.55,2019,6024,50,1,2019,93,28900000,47700000,18900000,1951153,8433826,16700000,50200000,173000000
Cambodia,Cambodia,KHM,728,East Asia & Pacific,캄보디아,아시아/태평양,Asia-Pacific,동남아1,yes,yes,캄보디아 사무소,Cambodia,LDC,2020,16700000 ,2020,1512.728,2020,1490,,,,,2015,80.52649,2008,41.59924,2008,48.66821,2008,0.85475,2019,19.73206,2019,3.855234,2019,144,2019,3660000000 ,2019,129.9162,2014,271.3672,2018,40.54599,2020,80.30838,55,2019,20,162,2020,124,0.5113,2019,144,0.594,2019,0.922,2019,0.474,2020,20,2019,0.16,2019,1718,64,4,2019,72,41900000,78500000,61200000,7836286,1487615,33000000,67000000,291000000
Chi,Chi,CHN,730,East Asia & Pacific,중국,아시아/태평양,Asia-Pacific,동남아,no,no,본부,Chi,UMIC,2020,1400000000 ,2020,10500.4,2020,10610,2016,0.5,2016,38.5,2018,96.84089,2010,88.01268,2010,88.31697,2010,0.99655,2018,9.052686,2019,-0.0041413,2019,31,2019,187000000000 ,2019,121.7923,2014,3927.044,2017,54.3,2020,69.85879,86,2019,41,80,2020,45,0.7948,2019,85,0.761,2019,0.958,2019,0.168,2020,24.94118,2019,3.98,2019,42398,88,0,2019,1,4636823,21100000,7899370,2994712,8431042,15600000,4710605,65300000
Indonesia,Indonesia,IDN,738,East Asia & Pacific,인도네시아,아시아/태평양,Asia-Pacific,동남아2,yes,yes,인도네시아 사무소,Indonesia,LMIC,2020,274000000 ,2020,3869.588,2020,3870,2019,2.7,2019,38.2,2018,95.65856,2018,90.04094,2018,87.84292,2018,1.02502,2019,9.752037,2019,-0.0580562,2019,73,2019,25000000000 ,2019,126.1069,2019,1084,2019,47.69065,2020,67.8455,96,2019,40,85,2020,88,0.6612,2019,107,0.718,2019,0.94,2019,0.48,2020,20.34783,2019,3.35,2019,15005,88,0,2019,50,43900000,59200000,78100000,11800000,25100000,22700000,11100000,252000000
Lao People's Democratic Republic,Lao PDR,LAO,745,East Asia & Pacific,라오스,아시아/태평양,Asia-Pacific,동남아1,yes,yes,라오스 사무소,Lao People's Democratic Republic,LDC,2020,7275556 ,2020,2630.204,2020,2480,2018,10,2018,38.8,2015,84.66104,2019,63.56626,2019,67.90653,2019,0.93608,,,2019,3.679813,2019,154,2019,756000000 ,2019,60.844,,,2017,25.51044,2020,76.86019,63,2019,29,130,2020,167,0.3288,2019,137,0.613,2019,0.927,2019,0.459,2020,27.51678,2019,0.56,2019,749,51,4,2019,69,29200000,48200000,28700000,1912378,1125915,36900000,43900000,190000000
Malaysia,Malaysia,MYS,751,East Asia & Pacific,말레이시아,아시아/태평양,Asia-Pacific,동남아,no,no,본부,Malaysia,UMIC,2020,32400000 ,2020,10401.79,2020,10580,2015,,2015,41.1,2018,94.85441,2019,86.99334,2019,80.69579,2019,1.07804,2019,11.95251,2019,0.0016875,2019,12,2019,9100000000 ,2019,139.5963,2014,4651.951,2019,84.21322,2020,57.5619,120,2019,53,51,2020,47,0.7892,2019,62,0.81,2019,0.972,2019,0.253,2020,14.86486,2019,3.64,2019,11080,82,0,2019,1,952137,968878,873795,160457,109847,439031,102113,3606258
Mongolia,Mongolia,MNG,753,East Asia & Pacific,몽골,아시아/태평양,Asia-Pacific,중동중앙아,yes,yes,몽골 사무소,Mongolia,LMIC,2020,3278292 ,2020,4007.309,2020,3670,2018,0.5,2018,32.7,2018,98.42312,2010,94.75083,2010,88.34743,2010,1.07248,2018,16.77678,2019,2.531485,2019,81,2019,2440000000 ,2019,137.0136,2014,2006.387,2019,51.07999,2020,51.93521,129,2019,35,106,2020,92,0.6497,2019,99,0.737,2019,1.023,2019,0.322,2020,17.33333,2019,4.75,2019,1312,70,3,2019,69,65500000,64900000,77700000,7537683,2218294,24800000,21700000,264000000
Philippines,Philippines,PHL,755,East Asia & Pacific,필리핀,아시아/태평양,Asia-Pacific,동남아2,yes,yes,필리핀 사무소,Philippines,LMIC,2020,110000000 ,2020,3298.83,2020,3430,2018,2.7,2018,42.3,2015,98.18255,2018,88.63725,2018,79.74776,2018,1.11147,2019,14.48847,2019,0.2183995,2019,95,2019,8670000000 ,2019,154.7611,2014,696.3468,2019,43.02661,2020,81,54,2019,34,113,2020,77,0.6892,2019,107,0.718,2019,1.007,2019,0.43,2020,27.96053,2019,2.53,2019,32904,90,0,2019,71,27900000,63600000,44500000,6987909,6906619,106000000,47200000,304000000
Thailand,Thailand,THA,764,East Asia & Pacific,태국,아시아/태평양,Asia-Pacific,동남아1,no,no,라오스 사무소,Thailand,UMIC,2020,69800000 ,2020,7189.042,2020,7050,2019,0.1,2019,34.9,2018,93.76776,2019,113.3555,2019,116.8574,2019,0.97003,2019,14.64765,2019,-0.0645157,2019,21,2019,4820000000 ,2019,186.1586,2014,2538.796,2019,66.65241,2020,70.81358,82,2019,36,101,2020,57,0.7565,2019,79,0.777,2019,1.008,2019,0.359,2020,15.74642,2019,0.73,2019,7857,90,0,2019,5,5739943,33600000,5240247,1231321,1929107,2403615,1231134,51400000
Timor-Leste,Timor-Leste,TLS,765,East Asia & Pacific,동티모르,아시아/태평양,Asia-Pacific,동남아2,no,yes,동티모르 사무소,Timor-Leste,LDC,2020,1318442 ,2020,1381.176,2020,1830,2014,22,2014,28.7,2018,68.06683,2019,90.5236,2019,82.65594,2019,1.09519,2019,22.97874,2019,8.735041,2019,181,2019,74600000 ,2019,110.2185,,,2017,27.49273,2020,82.66311,47,2019,38,93,2020,134,0.4649,2019,141,0.606,2019,0.942,,,2020,38.46154,2019,6.03,2019,279,76,10,2019,9,10700000,26200000,9631951,1411580,629973,11200000,28300000,88000000
Viet m,Vietm,VNM,769,East Asia & Pacific,베트남,아시아/태평양,Asia-Pacific,동남아1,yes,yes,베트남 사무소,Viet m,LMIC,2020,97300000 ,2020,2785.724,2020,2660,2018,1.8,2018,35.7,2018,95.00038,1998,55.47394,1998,60.92208,1998,0.91057,,,2019,0.4436707,2019,70,2019,16100000000 ,2019,141.2269,2014,1423.7,2019,68.7,2020,63.8854,110,2019,37,96,2020,86,0.6667,2019,117,0.704,2019,0.997,2019,0.296,2020,26.72065,2019,2.01,2019,8060,61,0,2019,133,97300000,152000000,87000000,7424440,2522091,40600000,77300000,464000000
,Cook Islands,CK,831,,쿡제도,아시아/태평양,Asia-Pacific,서남아태평양,no,no,피지 사무소,,UMIC,,,,,,,,,,,,,,,,,,,,,,,,,,,,,,,,,1960,,,,,,,,,,,,,,,,,,,,,,,,,,226096,,233571,13495,28710,142781,159334,803987
Fiji,Fiji,FJI,832,East Asia & Pacific,피지,아시아/태평양,Asia-Pacific,서남아태평양,no,yes,피지 사무소,Fiji,UMIC,2020,896444 ,2020,4881.526,2020,4720,2013,0.5,2013,36.7,2017,99.08211,2012,94.34458,2012,85.66498,2012,1.10132,2019,22.67684,2019,2.756368,2019,102,2019,322000000 ,2017,117.8306,,,2017,49.96637,2020,69.85212,86,,,,2020,90,0.6585,2019,93,0.743,2005,0.933,2019,0.37,2020,19.60784,2019,5.33,2019,159,60,3,2019,7,3951328,3103180,8345566,1075316,548574,1933661,11800000,30700000
Kiribati,Kiribati,KIR,836,East Asia & Pacific,키리바시,아시아/태평양,Asia-Pacific,서남아태평양,no,no,피지 사무소,Kiribati,LDC,2020,119446 ,2020,1670.825,2020,3010,2006,12.9,2006,37,,,2008,91.44311,2008,82.71623,2008,1.1055,2019,24.85819,2019,14.84616,2019,164,2019,-558281 ,2019,46.47552,,,2017,14.58182,1960,,,,,,2020,145,0.432,2019,134,0.63,,,,,2020,8.888889,,,2019,62,77,15,2019,1,370456,323899,896967,5030,85670,364912,239568,2286502
uru,uru,NRU,845,East Asia & Pacific,나우루,아시아/태평양,Asia-Pacific,서남아태평양,no,no,피지 사무소,uru,UMIC,2020,10834 ,2019,10983.22,2019,16630,2012,0.9,2012,34.8,,,2019,98.38969,2019,95.02408,2019,1.03542,2018,30.46627,2019,31.1968,,,2018,,2017,94.58054,,,2017,62.38512,1960,,,,,,2020,154,0.415,,,,,,,,2020,10.52632,,,2019,54,54,31,2019,0,875092,101910,126770,13423,20342,33373,25902,1196813
Vanuatu,Vanuatu,VUT,854,East Asia & Pacific,바누아투,아시아/태평양,Asia-Pacific,서남아태평양,no,no,피지 사무소,Vanuatu,LDC,2020,307150 ,2020,2782.984,2020,2780,2010,13.2,2010,37.6,2018,87.50631,2015,54.94925,2015,53.50935,2015,1.02691,2019,17.71169,2019,13.26579,2019,107,2019,34800000 ,2019,88.44112,,,2017,25.71979,1960,,,2019,46,64,2020,142,0.4403,2019,140,0.609,,,,,2020,,2019,1.42,2019,143,57,14,2019,0,570375,265292,346514,5053,8533,37763,2368,1235897
,Niue,NIU,856,,니우에,아시아/태평양,Asia-Pacific,서남아태평양,no,no,피지 사무소,Niue,UMIC,,,,,,,,,,,,,,,,,,,,,,,,,,,,,,,,,1960,,,,,,,,,,,,,,,,,,,,2019,19,97,,2019,0,98543,,237490,,9759,,113649,459441
Marshall Islands,Marshall Islands,MHL,859,East Asia & Pacific,마샬군도,아시아/태평양,Asia-Pacific,서남아태평양,no,no,피지 사무소,Marshall Islands,UMIC,2020,59194 ,2019,4073.11,2019,5010,,,,,2011,98.26508,2019,66.36425,2019,61.62866,2019,1.07684,2019,17.41611,2019,22.54326,2019,153,2019,4177234 ,2017,27.55865,,,2017,38.70116,1960,,,,,,2020,156,0.4055,2019,117,0.704,,,,,2020,6.060606,,,2019,240,82,,2019,0,543245,,559323,,17925,346140,,1466632
Micronesia (Federated States of),Micronesia,FSM,860,East Asia & Pacific,마이크로네시아,아시아/태평양,Asia-Pacific,서남아태평양,no,no,피지 사무소,Micronesia (Federated States of),LMIC,2020,115021 ,2019,3585.423,2019,4010,2013,15.4,2013,40.1,,,2005,86.59369,2005,79.9306,2005,1.08336,2019,19.22755,2019,19.98128,2019,158,2014,20200000 ,2017,20.73767,,,2017,35.30405,2020,71.23563,79,,,,2020,161,0.3779,2019,136,0.62,,,,,2020,,,,2019,-1122,79,,2019,1,316020,46768,309289,,9495,168167,,849739
Palau,Palau,PLW,861,East Asia & Pacific,팔라우,아시아/태평양,Asia-Pacific,동남아2,no,no,필리핀 사무소,Palau,UMIC,2020,18092 ,2019,14907.78,2019,16500,,,,,2015,96.59374,2014,122.9102,2014,110.8071,2014,1.10923,2019,20.86938,2019,8.714104,2019,145,2019,22000000 ,2015,134.407,,,2004,26.97033,1960,,,,,,2020,125,0.5109,2019,50,0.826,,,,,2020,6.25,,,2019,37,93,,2019,1,488153,,86593,26736,13787,110127,717026,1442423
Papua New Guinea,Papua New Guinea,PNG,862,East Asia & Pacific,파푸아뉴기니,아시아/태평양,Asia-Pacific,서남아태평양,no,no,피지 사무소,Papua New Guinea,LMIC,2020,8947027 ,2020,2636.8,2020,2660,2009,38,2009,41.9,2010,61.6,2016,39.86032,2016,54.67657,2016,0.72902,2019,12.98094,2019,2.806318,2019,120,2019,334000000 ,2017,47.61772,,,2017,11.2092,2020,82.29729,50,2019,28,137,2020,175,0.2827,2019,155,0.555,2000,0.85,2019,0.725,2020,,2019,1.29,2019,547,72,3,2019,1,2137458,1216706,2020586,233252,75173,1792375,6053092,13500000
Solomon Islands,Solomon Islands,SLB,866,East Asia & Pacific,솔로몬군도,아시아/태평양,Asia-Pacific,서남아태평양,no,no,피지 사무소,Solomon Islands,LDC,2020,686878 ,2020,2258.4,2020,2300,2012,24.7,2012,37.1,2009,76.6,2012,47.02147,2012,49.51903,2012,0.94956,2020,20.84665,2019,14.4084,2019,136,2019,32800000 ,2019,71.37945,,,2017,11.92423,2020,79.74525,56,2019,42,77,2020,166,0.3442,2019,151,0.567,,,,,2020,6.382979,2019,0.62,2019,300,77,17,2019,3,2358734,6307569,1420869,392105,80022,2699313,6129131,19400000
Tonga,Tonga,TON,870,East Asia & Pacific,통가,아시아/태평양,Asia-Pacific,서남아태평양,no,no,피지 사무소,Tonga,UMIC,2020,105697 ,2019,4903.012,2019,5000,2015,1,2015,37.6,2018,99.41437,2015,102.3983,2015,99.43336,2015,1.02982,,,2019,20.07777,2019,103,2019,1742414 ,2019,59.43308,,,2017,41.24873,1960,,,,,,2020,108,0.5616,2019,104,0.725,2019,0.95,2019,0.354,2020,7.407407,2019,3.65,2019,114,43,,2019,0,761095,13176,814904,33422,198187,159018,216592,2196394
Tuvalu,Tuvalu,TUV,872,East Asia & Pacific,투발루,아시아/태평양,Asia-Pacific,서남아태평양,no,no,피지 사무소,Tuvalu,LDC,2020,11792 ,2020,4143.11,2020,5820,2010,3.3,2010,39.1,,,2019,47.15347,2019,35.41176,2019,1.33158,,,2019,55.84262,,,2019,298862 ,2017,70.3606,,,2017,49.31834,1960,,,,,,2020,151,0.4209,,,,,,,,2020,6.25,,,2019,37,54,56,2019,0,802555,112433,580735,20005,85019,39865,87321,1727931
Samoa,Samoa,WSM,880,East Asia & Pacific,사모아,아시아/태평양,Asia-Pacific,서남아태평양,no,no,피지 사무소,Samoa,UMIC,2020,198410 ,2020,4067.473,2020,4070,2013,1.1,2013,38.7,2018,99.09577,2016,98.01788,2016,88.82879,2016,1.10345,2013,23.51077,2019,15.15373,2019,98,2019,1019330 ,2017,63.58317,,,2017,33.61094,2020,63.29665,112,,,,2020,149,0.4219,2019,111,0.715,,,2019,0.36,2020,10,2019,9.82,2019,121,60,15,2019,1,688168,231127,231943,28714,173060,319921,1776094,3449026
