"대학명","학제별","설립별","지역별","교외장학금 소계(원)","교외장학금 국가","교외장학금 지방자치단체","교외장학금 사설및기타","교내장학금 소계(원)","교내장학금 성적우수장학금","교내장학금 저소득층장학금","교내장학금 근로장학금","교내장학금 재난장학금","교내장학금 교직원장학금","교내장학금 기타","총계(원)"
"ICT폴리텍대학","전문대학","사립","경기","313957500","207297500","","106660000","74100000","28500000","44460000","","","","1140000","388057500"
"가야대학교","대학","사립","경남","4770453020","4728137340","7315680","35000000","2597409989","728834350","495775000","111420040","204740000","35323000","1021317599","7367863009"
"가천대학교","대학","사립","경기","31069946981","30613536101","71328770","385082110","28981493280","5235788800","7773391520","1153833140","3663381300","153002400","11002096120","60051440261"
"가톨릭관동대학교","대학","사립","강원","17301336859","16442228959","608278300","250829600","9115744536","2730948600","757615500","140986400","2588442035","132937000","2764815001","26417081395"
"가톨릭꽃동네대학교","대학","사립","충북","1464057980","1401381900","796080","61880000","705840100","159720000","185767700","103595800","","","256756600","2169898080"
"가톨릭대학교","대학","사립","경기","14795928201","13533957091","80352520","1181618590","11162727740","3946564650","4023520250","392962500","586689900","67368000","2145622440","25958655941"
"가톨릭상지대학교","전문대학","사립","경북","5148914374","5075310504","4117000","69486870","1779310083","417209600","122359000","16106000","141533703","33269100","1048832680","6928224457"
"감리교신학대학교","대학","사립","서울","2534794570","2337182590","14420000","183191980","549202700","258439600","94356000","32484600","","9491400","154431100","3083997270"
"강남대학교","대학","사립","경기","13938162800","13689491800","24429000","224242000","7809039230","2349482200","2515468920","332376850","990660660","51876800","1569173800","21747202030"
"강동대학교","전문대학","사립","충북","9016926041","8795196051","30064700","191665290","2846454610","132243700","1059575310","55420600","270659650","86302850","1242252500","11863380651"
"강릉영동대학교","전문대학","사립","강원","7288235727","6855166047","384619680","48450000","1524544100","511408300","39222200","30809900","203582670","26276600","713244430","8812779827"
"강릉원주대학교","대학","국공립","강원","16464521740","15765395180","245853020","453273540","6311945070","2439333070","1524933380","361818480","","","1985860140","22776466810"
"강원관광대학교","전문대학","사립","강원","2963183008","2765283283","190889725","7010000","623010070","132036770","157780500","","","","333192800","3586193078"
"강원대학교","대학","국공립","강원","38777850770","34909107910","1984567200","1884175660","14709069250","5378563590","2448626340","1928929000","1972445920","","2980504400","53486920020"
"강원도립대학교","전문대학","국공립","강원","847135790","822342230","4126560","20667000","444605630","160024300","32887830","48443400","","","203250100","1291741420"
"거제대학교","전문대학","사립","경남","3008653960","2936659400","2438560","69556000","1036539350","224468000","314183300","49962300","74154800","16768100","357002850","4045193310"
"건국대학교","대학","사립","서울","26286326781","23393414222","378547188","2514365371","22244366786","4134727536","9334433476","678577300","4313225327","123874600","3659528547","48530693567"
"건국대학교(글로컬)","대학","사립","충북","15628061803","15119787233","133115470","375159100","10129982470","1970655410","2756835340","402866800","1919058100","174623800","2905943020","25758044273"
"건양대학교","대학","사립","충남","15812446300","15290694450","10793360","510958490","9925559985","4601680480","2136538990","140113015","","49466000","2997761500","25738006285"
"건양사이버대학교","대학","사립","대전","6277010700","6277010700","","","1268672200","215186000","3554000","34306200","","7064000","1008562000","7545682900"
"경기과학기술대학교","전문대학","사립","경기","10904977470","10809101870","7270600","88605000","4276304835","722837040","439395600","428076850","265100000","18760000","2402135345","15181282305"
"경기대학교","대학","사립","경기","27201613634","26669800440","84248240","447564954","20808828620","6694406700","4962756000","634181400","3305575000","71343000","5140566520","48010442254"
"경남과학기술대학교","대학","국공립","경남","10162854590","9805364040","10179000","347311550","3293806410","1913645490","180051880","159629400","399690800","","640788840","13456661000"
"경남대학교","대학","사립","경남","22398917086","21840637626","125169945","433109515","13013292025","3974706400","1565052240","730125395","2726536360","207951200","3808920430","35412209111"
"경남도립거창대학","전문대학","국공립","경남","1284356920","1231979360","2438560","49939000","727571560","160634000","146686560","66378000","116756000","","237117000","2011928480"
"경남도립남해대학","전문대학","국공립","경남","1434948680","1353446620","1438560","80063500","640927000","112333000","34911700","76874000","73100000","","343708300","2075875680"
"경남정보대학교","전문대학","사립","부산","19583116262","19400457142","23607120","159052000","5790971070","1875367320","795693420","312614200","435713380","36619000","2334963750","25374087332"
"경동대학교","대학","사립","강원","15373897990","14602728550","607325440","163844000","8254727573","992673140","2559977768","12022000","633080000","77463600","3979511065","23628625563"
"경민대학교","전문대학","사립","경기","12867827480","12618759130","72827200","176241150","4660121470","540321000","510983000","448219150","491465420","6120000","2663012900","17527948950"
"경복대학교","전문대학","사립","경기","19231303603","19093590683","38946920","98766000","6811022000","762610500","1794310700","258091617","1876201000","9170000","2110638183","26042325603"
"경북과학대학교","전문대학","사립","경북","3613562760","3605462760","500000","7600000","2467845960","145737000","89466820","4270000","129900000","227317580","1871154560","6081408720"
"경북대학교","대학","국공립","대구","41074533869","38058002799","54702170","2961828900","17900567840","7493712940","4352263390","1685581950","","","4369009560","58975101709"
"경북도립대학교","전문대학","국공립","경북","1091413740","983597680","9930560","97885500","553150260","290858600","78828290","49601000","120000","","133742370","1644564000"
"경북보건대학교","전문대학","사립","경북","3040938020","3000392100","3145920","37400000","1241943494","435395010","239798070","35760600","","","530989814","4282881514"
"경북전문대학교","전문대학","사립","경북","8399127048","8267611300","28105748","103410000","2722114590","436782300","28792560","82172820","655214840","25702000","1493450070","11121241638"
"경상국립대학교","대학","국공립","경남","27013774780","25632480590","100830330","1280463860","9961344680","4011909040","1859465000","1589779700","1060341440","","1439849500","36975119460"
"경성대학교","대학","사립","부산","26379585805","25713146037","90441468","575998300","16177048277","4405501250","3970374590","421707200","2006648460","71917000","5300899777","42556634082"
"경운대학교","대학","사립","경북","11222834730","11152883010","7126720","62825000","7005804680","821824000","935605620","128752200","889259333","22542000","4207821527","18228639410"
"경인교육대학교","대학","국공립","인천","3730737985","3330638385","131948620","268150980","2176663550","609992000","433632200","327477690","265900000","","539661660","5907401535"
"경인여자대학교","전문대학","사립","인천","12862371770","12821820650","","40551120","4758603870","911478800","234997080","919697650","889733340","11442100","1791254900","17620975640"
"경일대학교","대학","사립","경북","16043542310","15915752250","3938560","123851500","8962347569","2752796080","2082769410","188150000","1923394520","60935500","1954302059","25005889879"
"경주대학교","대학","사립","경북","1075139350","1059714350","","15425000","2121968400","149727000","385133500","40682400","","22332000","1524093500","3197107750"
"경희대학교","대학","사립","서울","43300961868","39934496358","450020255","2916445255","34370747954","8219163370","13587655572","506897990","4336832500","333434000","7386764522","77671709822"
"경희사이버대학교","대학","사립","서울","9748898449","9691190449","3948000","53760000","5422220467","346977500","113705334","9892800","","66382000","4885262833","15171118916"
"계명대학교","대학","사립","대구","52179229451","47267797837","99147180","4812284434","28583108668","9329923300","4195391700","2173746782","2997803000","340327800","9545916086","80762338119"
"계명문화대학교","전문대학","사립","대구","16438247600","16307868180","11097420","119282000","5610724040","862048910","864754420","287522830","958600000","19967340","2617830540","22048971640"
"계원예술대학교","전문대학","사립","경기","6823844160","6691057740","46890120","85896300","3416708730","682804600","1287406160","477282690","499833860","7806360","461575060","10240552890"
"고구려대학교","전문대학","사립","전남","5033732800","5027732800","","6000000","678147100","112817500","37777300","2752200","","","524800100","5711879900"
"고려대학교","대학","사립","서울","35723365813","26273434650","622197330","8827733833","29962664714","1976125100","14724877259","3878670788","234809000","549108000","8599074567","65686030527"
"고려대학교(세종)","대학","사립","세종","11922082060","11492663600","61812060","367606400","9995947272","401888200","4429678040","987023150","445217400","141379000","3590761482","21918029332"
"고려사이버대학교","대학","사립","서울","6396012700","6347093400","","48919300","2405840150","394060000","104977500","3286400","38850000","42166500","1822499750","8801852850"
"고신대학교","대학","사립","부산","10445717633","9973298035","20486608","451932990","4013723579","1324689500","508794350","355404345","309700000","151886000","1363249384","14459441212"
"공주교육대학교","대학","국공립","충남","2029551560","1994565400","17350160","17636000","1064684600","420205000","69989000","194509200","140742400","","239239000","3094236160"
"공주대학교","대학","국공립","충남","24067011262","23424642537","143638110","498730615","8245791600","3109669000","2228206220","765178310","784012080","","1358725990","32312802862"
"광신대학교","대학","사립","광주","1651821750","1632621750","","19200000","493259100","16170000","30618400","26821200","","","419649500","2145080850"
"광양보건대학교","전문대학","사립","전남","71205400","63830400","2375000","5000000","1236742500","55800000","1119407500","","","","61535000","1307947900"
"광운대학교","대학","사립","서울","13380599080","12916836150","80556680","383206250","10556814394","3020313500","2981187060","1258373384","629604200","46128200","2621208050","23937413474"
"광주가톨릭대학교","대학","사립","전남","","","","","12250000","","","","","","12250000","12250000"
"광주과학기술원","대학","국공립","광주","488121100","452898600","","35222500","4538255300","220616500","115772000","10936800","","","4190930000","5026376400"
"광주교육대학교","대학","국공립","광주","3204543650","2645777450","492870200","65896000","989391545","227054000","142545000","361707545","","","258085000","4193935195"
"광주대학교","대학","사립","광주","18260566303","17868178103","60682700","331705500","8220022830","2433974710","955823680","158306400","1395300840","80333500","3196283700","26480589133"
"광주보건대학교","전문대학","사립","광주","9623923090","9549756880","","74166210","2070084100","828597580","814536370","38719800","198639040","5717880","183873430","11694007190"
"광주여자대학교","대학","사립","광주","11085259308","10859266106","27878120","198115082","4697305558","1044788040","944775861","256004817","581830900","6830000","1863075940","15782564866"
"구미대학교","전문대학","사립","경북","15947517190","15823611550","73150640","50755000","7778156720","320733440","113625640","442618200","449800000","6161160","6445218280","23725673910"
"국민대학교","대학","사립","서울","30444199720","27850678020","155126680","2438395020","20217348495","4055272080","4153987100","1422448960","2547902000","86276400","7951461955","50661548215"
"국제대학교","전문대학","사립","경기","9098610434","9006711834","8100600","83798000","3645204651","403785400","815711025","334968776","194261800","63945600","1832532050","12743815085"
"국제사이버대학교","대학","사립","경기","5025471000","5025471000","","","1675139500","195804000","601827000","","","173235000","704273500","6700610500"
"군산간호대학교","전문대학","사립","전북","2686916950","2662927950","","23989000","950000000","244113733","348410200","28475650","100000000","3200000","225800417","3636916950"
"군산대학교","대학","국공립","전북","14618513780","14044465380","275102080","298946320","4779489590","2299153450","680403450","160158740","727346900","","912427050","19398003370"
"군장대학교","전문대학","사립","전북","4933295316","4894995816","10799500","27500000","1724851266","112584800","24207800","17811600","","42201000","1528046066","6658146582"
"극동대학교","대학","사립","충북","8478775125","8344033785","28081740","106659600","4946627230","1086801600","1502671440","198916900","","41081800","2117155490","13425402355"
"글로벌사이버대학교","대학","사립","충남","3313136750","3298062250","","15074500","1252040500","9450000","11760000","3069000","","8715000","1219046500","4565177250"
"금강대학교","대학","사립","충남","678409833","663195833","","15214000","1762551100","1439966800","","13042800","","","309541500","2440960933"
"금오공과대학교","대학","국공립","경북","11432562340","11062106610","58216010","312239720","3590913040","1361487810","1022608320","353268590","409401960","","444146360","15023475380"
"기독간호대학교","전문대학","사립","광주","1324832500","1307282500","","17550000","485360140","179663900","90476750","12170400","87506750","5318000","110224340","1810192640"
"김천대학교","대학","사립","경북","5956538968","5830905768","3961200","121672000","3983954798","1101944333","852626332","101826000","","64686600","1862871533","9940493766"
"김포대학교","전문대학","사립","경기","8189744114","7796391114","2000000","391353000","2898626720","646558500","1074426720","38746800","","28896200","1109998500","11088370834"
"김해대학교","전문대학","사립","경남","4499569200","4473058400","4750000","21760800","1260955700","275708200","41352400","114076300","78115700","2500000","749203100","5760524900"
"나사렛대학교","대학","사립","충남","13954810080","13689092360","28698720","237019000","6828463980","1776434500","1559901950","638323700","1663014150","57566000","1133223680","20783274060"
"남부대학교","대학","사립","광주","7513593290","7353930070","6253120","153410100","3863489740","514456580","597163300","33996600","457041840","9832000","2250999420","11377083030"
"남서울대학교","대학","사립","충남","20194760570","19997240580","13951620","183568370","13837135420","2637652400","4955584620","153664200","2661364580","150804700","3278064920","34031895990"
"농협대학교","전문대학","사립","경기","904607320","852266640","1564680","50776000","305671050","129206000","57470500","84284550","16600000","","18110000","1210278370"
"단국대학교","대학","사립","경기","41015181357","39694695290","87257775","1233228292","29570500830","7062600180","6604832490","361532800","7413648550","281257000","7846629810","70585682187"
"대경대학교","전문대학","사립","경북","10525369899","10451173239","13768000","60428660","3699510120","341976080","9605600","118782000","","53270500","3175875940","14224880019"
"대구가톨릭대학교","대학","사립","경북","29384839585","28881416785","62174575","441248225","16156085176","4207005826","1059474010","1805013640","4396388800","154032600","4534170300","45540924761"
"대구경북과학기술원","대학","국공립","대구","71269600","68769600","","2500000","1888832400","2080000","49200000","18536400","","","1819016000","1960102000"
"대구공업대학교","전문대학","사립","대구","4101419430","4073986730","5032700","22400000","2483914775","244653140","3015000","128842755","90269280","9981440","2007153160","6585334205"
"대구과학대학교","전문대학","사립","대구","13244774111","13197274111","1000000","46500000","4978431333","744518950","88470840","251767800","546863910","40009920","3306799913","18223205444"
"대구교육대학교","대학","국공립","대구","2329634900","2132738300","31292300","165604300","1147859850","350282000","313138100","170486200","161677550","","152276000","3477494750"
"대구대학교","대학","사립","경북","45413872550","43353495590","450888800","1609488160","17955545915","7051653920","1146034140","1110809895","4887604670","235730800","3523712490","63369418465"
"대구보건대학교","전문대학","사립","대구","19984352334","19805255004","28228830","150868500","6476209230","2188115120","735020575","958677170","666500000","48722840","1879173525","26460561564"
"대구사이버대학교","대학","사립","경북","4530858750","4519508750","","11350000","1067494698","133597500","2583000","11985400","","34756200","884572598","5598353448"
"대구예술대학교","대학","사립","경북","2240982210","2206924370","2157840","31900000","1342681240","572162000","385068540","97884000","","11849000","275717700","3583663450"
"대구한의대학교","대학","사립","경북","15234427670","14692503890","36408130","505515650","9097793511","1334680570","732663680","688195650","1932576550","110056500","4299620561","24332221181"
"대덕대학교","전문대학","사립","대전","9764179780","9708560390","3969390","51650000","3358636340","407182820","775041400","137552490","687879770","38839750","1312140110","13122816120"
"대동대학교","전문대학","사립","부산","3742968350","3707130550","345000","35492800","1168785650","525715400","187944600","43047100","2000000","16324200","393754350","4911754000"
"대림대학교","전문대학","사립","경기","17421920320","17111714020","10500000","299706300","7649428990","2188469840","2188610200","757819570","964207740","230504340","1319817300","25071349310"
"대신대학교","대학","사립","경북","1588476950","1559453950","","29023000","432951700","40031000","117323000","32262200","7600000","3703000","232032500","2021428650"
"대원대학교","전문대학","사립","충북","7047638852","6840913412","153315680","53409760","2494605640","430020460","419953600","26485600","598200000","48592000","971353980","9542244492"
"대전가톨릭대학교","대학","사립","세종","87675260","85797500","1877760","","138009670","","134709670","3300000","","","","225684930"
"대전과학기술대학교","전문대학","사립","대전","12532171430","12445813520","4277240","82080670","3553076690","499825510","1075942000","183315600","440400000","21963000","1331630580","16085248120"
"대전대학교","대학","사립","대전","19006964204","18771565234","14766200","220632770","11652324390","2438839500","3462558640","645437800","1396041000","45791000","3663656450","30659288594"
"대전보건대학교","전문대학","사립","대전","14884106210","14741805160","9841050","132460000","4967699660","1555258020","1050461200","784649040","555000000","25016620","997314780","19851805870"
"대전신학대학교","대학","사립","대전","491153200","480237200","","10916000","54081900","13429700","6251000","4119000","","","30282200","545235100"
"대진대학교","대학","사립","경기","16747006600","16615416600","59184000","72406000","11424607678","1703280500","3449044000","232847950","2922853000","114288500","3002293728","28171614278"
"덕성여자대학교","대학","사립","서울","9848764326","9525360436","78692930","244710960","6535289186","2664844580","1684193735","285660000","750575000","","1150015871","16384053512"
"동강대학교","전문대학","사립","광주","7795064337","7746214337","6000000","42850000","1690900600","267469400","98926300","69749100","92355900","112144400","1050255500","9485964937"
"동국대학교","대학","사립","서울","23972634733","22019244453","132832890","1820557390","20562818099","3867467000","4948702500","2158718739","2719894200","109095600","6758940060","44535452832"
"동국대학교(경주)","대학","사립","경북","15775199386","15429354367","75697900","270147119","12010086761","2894032400","2186122580","386764250","1926242000","109215400","4507710131","27785286147"
"동남보건대학교","전문대학","사립","경기","10436532329","10311623434","15007120","109901775","4411379798","1171079240","1324837433","50985000","937700002","42230800","884547323","14847912127"
"동덕여자대학교","대학","사립","서울","12836199664","12549593584","76227865","210378215","9011487425","2837418400","2398140830","926055155","1521787000","14824000","1313262040","21847687089"
"동명대학교","대학","사립","부산","20019001330","19700360360","103483270","215157700","10794048000","2648615870","1831370050","540578280","1522171750","207268200","4044043850","30813049330"
"동서대학교","대학","사립","부산","25941053246","25704668990","31726406","204657850","11199616034","3799883250","2014550000","532868020","1960312646","84530500","2807471618","37140669280"
"동서울대학교","전문대학","사립","경기","13530989830","13146869650","29767280","354352900","5741198200","1109298800","1178975000","703814700","1431396000","19387900","1298325800","19272188030"
"동신대학교","대학","사립","전남","16965707160","16642375920","83495370","239835870","7420040150","777113830","373725830","336788600","889796660","166012000","4876603230","24385747310"
"동아대학교","대학","사립","부산","39915726947","38866483777","146742760","902500410","21138186021","7869455689","6876223052","334849800","3466975000","221651920","2369030560","61053912968"
"동아방송예술대학교","전문대학","사립","경기","8166032360","8040394180","62591680","63046500","2988392030","976958610","619927800","138031800","","26695200","1226778620","11154424390"
"동아보건대학교","전문대학","사립","전남","4375191260","4246264700","7526560","121400000","832661540","49480100","42000000","13905000","","17710000","709566440","5207852800"
"동양대학교","대학","사립","경북","8504673652","8368737752","37378590","98557310","3319427189","935662417","685280667","98703000","735157272","49334000","815289833","11824100841"
"동양미래대학교","전문대학","사립","서울","15280150570","14781880570","297390600","200879400","6660000000","1412133910","1846820140","1235610180","839790000","80175800","1245469970","21940150570"
"동원과학기술대학교","전문대학","사립","경남","6143142580","5940242580","137000000","65900000","2372976995","190338530","361306667","71214930","","29340000","1720776868","8516119575"
"동원대학교","전문대학","사립","경기","10096283840","10041897930","6175560","48210350","2801431960","560607480","171837090","288287200","393411080","39416700","1347872410","12897715800"
"동의과학대학교","전문대학","사립","부산","14620646591","14477537821","34677120","108431650","3869859950","676327900","274835750","90257400","375319000","35692450","2417427450","18490506541"
"동의대학교","대학","사립","부산","34847774009","33694255480","91606058","1061912471","18965944518","6413663500","3748179280","1103399180","3218201000","205627000","4276874558","53813718527"
"동주대학교","전문대학","사립","부산","8509927205","8471581145","1438560","36907500","2285829850","747623100","101275050","53872200","","44095000","1338964500","10795757055"
"두원공과대학교","전문대학","사립","경기","8973925165","8868734047","9500000","95691118","3261677345","773403600","","133402680","357493000","68709000","1928669065","12235602510"
"디지털서울문화예술대학교","대학","사립","서울","4007083480","3982077400","11506080","13500000","1726691900","126668000","124510000","1050000","165315000","6641000","1302507900","5733775380"
"루터대학교","대학","사립","경기","1042747650","1022607650","2070000","18070000","352984500","39407500","141457500","36945000","15400000","","119774500","1395732150"
"마산대학교","전문대학","사립","경남","13041961120","12861239200","10069920","170652000","5031088930","1046550000","749990020","254868850","531300000","31360000","2417020060","18073050050"
"명지대학교","대학","사립","경기","27121148570","26568448750","151930320","400769500","17513905141","2100489500","3250340600","702354880","3833783000","138366000","7488571161","44635053711"
"명지전문대학","전문대학","사립","서울","17916005560","17638764065","75583880","201657615","6722683393","530388520","2163621850","879957235","1241197690","99655170","1807862928","24638688953"
"목원대학교","대학","사립","대전","18666290810","18416665990","46537020","203087800","10825246920","1469087900","4255822680","470489700","1407707330","155368000","3066771310","29491537730"
"목포가톨릭대학교","대학","사립","전남","1695291950","1490839950","59400000","145052000","593414010","385197750","49381000","7133400","69615160","","82086700","2288705960"
"목포과학대학교","전문대학","사립","전남","7757627040","7302630040","","454997000","1219306600","86442360","271530000","179983800","","59961400","621389040","8976933640"
"목포대학교","대학","국공립","전남","17496572120","16143952260","893630060","458989800","4458299660","1492939490","740002660","581618400","422160000","","1221579110","21954871780"
"목포해양대학교","대학","국공립","전남","4352945010","3941743850","65163160","346038000","1269948120","827779500","16240000","68750110","","","357178510","5622893130"
"문경대학교","전문대학","사립","경북","2808265350","2502796650","","305468700","677644040","133938000","303755610","2300000","81023640","12064000","144562790","3485909390"
"배재대학교","대학","사립","대전","18454642940","18319814100","23430605","111398235","10623012276","1579262170","4034133606","414678700","1539537810","92324000","2963075990","29077655216"
"배화여자대학교","전문대학","사립","서울","7468870430","7363641140","9786000","95443290","2233054660","774154680","611993660","","261357200","2766000","582783120","9701925090"
"백석대학교","대학","사립","충남","26735635220","26405634420","19037800","310963000","16447019740","4538874000","5489415120","229511520","2265800000","161144500","3762274600","43182654960"
"백석문화대학교","전문대학","사립","충남","14438187160","14266805040","14810120","156572000","5272475310","905043000","1535088450","140372610","1019800000","116351500","1555819750","19710662470"
"백제예술대학교","전문대학","사립","전북","2604577285","2594196685","2880600","7500000","1196545980","293391200","449104720","43000000","274710000","","136340060","3801123265"
"부경대학교","대학","국공립","부산","30061573400","28921478950","62922060","1077172390","11221600820","2886327610","3311491760","1669877500","1414588050","","1939315900","41283174220"
"부산가톨릭대학교","대학","사립","부산","11063117450","10897046270","16958980","149112200","4533281370","1474409500","1047736220","278252600","815959000","43258000","873666050","15596398820"
"부산경상대학교","전문대학","사립","부산","10072489940","10072489940","","","2533951250","111862000","14738000","130881600","300920000","66269000","1909280650","12606441190"
"부산과학기술대학교","전문대학","사립","부산","9060080190","8946563790","45223400","68293000","3100000230","655681100","103838000","111564000","171484000","8873000","2048560130","12160080420"
"부산교육대학교","대학","국공립","부산","2274691190","1846217350","273159500","155314340","851736100","449362000","86868000","119322000","","","196184100","3126427290"
"부산대학교","대학","국공립","부산","39079315795","35991217475","735658560","2352439760","17447789640","7280588200","4738299050","1518993800","1936212210","","1973696380","56527105435"
"부산디지털대학교","대학","사립","부산","3862519549","3857819549","","4700000","674502200","40520500","18533000","6298200","","","609150500","4537021749"
"부산여자대학교","전문대학","사립","부산","7196056391","7131598351","2899640","61558400","2253204400","268177000","505748000","243000600","200165600","11505200","1024608000","9449260791"
"부산예술대학교","전문대학","사립","부산","1880542721","1864002721","","16540000","592955200","57688400","61997700","27588600","","","445680500","2473497921"
"부산외국어대학교","대학","사립","부산","15592043585","15381344205","25412880","185286500","8028557870","2456295000","1392118240","545124550","1287065000","51640000","2296315080","23620601455"
"부산장신대학교","대학","사립","경남","631524600","595501600","","36023000","530533010","36038500","204684500","21636670","889000","21019000","246265340","1162057610"
"부천대학교","전문대학","사립","경기","22525079700","22367385490","58266360","99427850","9545568150","972662770","2370296850","532456600","2628293940","43834500","2998023490","32070647850"
"사이버한국외국어대학교","대학","사립","서울","6143972317","6129771317","787000","13414000","2607482767","130347500","56780000","","","15254000","2405101267","8751455084"
"삼육대학교","대학","사립","서울","13287612929","12383540841","405991140","498080948","7936893175","619136100","2169253581","934781570","1332630269","215566100","2665525555","21224506104"
"삼육보건대학교","전문대학","사립","서울","3095384557","3015893167","20369000","59122390","1229384885","334173820","193774540","153619365","270628000","11441390","265747770","4324769442"
"상명대학교","대학","사립","서울","22979051810","22568873650","67408760","342769400","18574991641","5706541000","5339390100","705680400","2144043400","154465000","4524871741","41554043451"
"상지대학교","대학","사립","강원","12340349349","11831754289","232109130","276485930","8593808166","2183301350","1996699040","138111140","","259399000","4016297636","20934157515"
"상지영서대학교","전문대학","사립","강원","3270106850","3081157650","163049200","25900000","577237600","40408000","","8393400","","","528436200","3847344450"
"서강대학교","대학","사립","서울","11648623593","9452993213","154552610","2041077770","9704005365","878186200","5778448825","1736689640","","33894400","1276786300","21352628958"
"서경대학교","대학","사립","서울","11015367500","10829408400","68375100","117584000","9184362504","1485221200","3454127670","533432315","","18240300","3693341019","20199730004"
"서라벌대학교","전문대학","사립","경북","1494811600","1423286600","1000000","70525000","446766200","124992600","77074800","11383800","","2460000","230855000","1941577800"
"서영대학교","전문대학","사립","광주","13526219398","13489737898","2500000","33981500","3463715743","860094991","66045520","147122400","","35111800","2355341032","16989935141"
"서울과학기술대학교","대학","국공립","서울","19437565815","18686991228","103147910","647426677","13238124000","2397830980","2378023850","3075862800","1063120270","","4323286100","32675689815"
"서울교육대학교","대학","국공립","서울","1682543160","1472105930","28538520","181898710","1074088800","289980000","175063000","152980800","152500000","","303565000","2756631960"
"서울기독대학교","대학","사립","서울","987027034","961698434","4147000","21181600","721676600","195462500","155404500","141382600","56750000","","172677000","1708703634"
"서울대학교","대학","국공립","서울","33460857780","19067918580","204549750","14188389450","19827033907","134735000","6695862310","3589983710","2160580000","","7245872887","53287891687"
"서울디지털대학교","대학","사립","서울","8497862150","8491372150","5500000","990000","3972301300","749655000","37806200","","","20541000","3164299100","12470163450"
"서울사이버대학교","대학","사립","서울","12953068800","12935841000","5500000","11727800","7775894933","572744250","77021100","","","9009000","7117120583","20728963733"
"서울시립대학교","대학","국공립","서울","9861002154","9116644183","36476210","707881761","5781205853","1358082500","1005553250","1921390873","","","1496179230","15642208007"
"서울신학대학교","대학","사립","경기","7041561284","6879470784","3552000","158538500","2700621306","380064500","1036291560","250072046","416000000","27336400","590856800","9742182590"
"서울여자간호대학교","전문대학","사립","서울","1599333324","1494694764","23938560","80700000","913113890","298785040","241941000","19652400","206402150","4500000","141833300","2512447214"
"서울여자대학교","대학","사립","서울","14588564073","13760537420","186978135","641048518","9815206547","1559488650","4505756358","417352750","1995487449","16452000","1320669340","24403770620"
"서울예술대학교","전문대학","사립","경기","6856273160","6628005300","74841560","153426300","4205603519","992914333","1224340686","539060550","611200000","35844300","802243650","11061876679"
"서울장신대학교","대학","사립","경기","1553121200","1517904200","","35217000","646528460","122440500","241378000","107418460","","6942000","168349500","2199649660"
"서울한영대학교","대학","사립","서울","2039095900","1981228700","10904000","46963200","603121680","103655820","210620200","51087800","","","237757860","2642217580"
"서원대학교","대학","사립","충북","15668099270","15083050130","177645440","407403700","8627931700","2168932500","383753120","1198761400","1226400000","129369400","3520715280","24296030970"
"서일대학교","전문대학","사립","서울","14741853120","14604469300","16180000","121203820","5447267000","1998063360","1529645150","432249430","638254260","47987620","801067180","20189120120"
"서정대학교","전문대학","사립","경기","15041202110","14963202470","17689640","60310000","6818405790","407801740","153751280","472103000","682843650","55732100","5046174020","21859607900"
"선린대학교","전문대학","사립","경북","5851673218","5805383218","","46290000","2096200140","401125900","620225700","101444400","311170240","23376000","638857900","7947873358"
"선문대학교","대학","사립","충남","23053265322","20065481532","56664550","2931119240","12710717131","1701682630","3098979250","513706660","","199692000","7196656591","35763982453"
"성결대학교","대학","사립","경기","10802637557","10703306057","30639500","68692000","7410874922","2417969040","812900000","768847140","740850000","39945000","2630363742","18213512479"
"성공회대학교","대학","사립","서울","5210565817","5147812417","25298800","37454600","2620324990","577744580","763984290","174774200","696419000","20829800","386573120","7830890807"
"성균관대학교","대학","사립","서울","25683596468","22178669901","221559760","3283366807","34050342159","14238520500","5948328309","1473707604","1831100000","","10558685746","59733938627"
"성신여자대학교","대학","사립","서울","17188244860","16471799100","166512280","549933480","15128544100","6937958100","4123706400","679167600","630169000","9412000","2748131000","32316788960"
"성운대학교","전문대학","사립","경북","3533021685","3529583125","","3438560","2283993450","25174800","","7392600","","","2251426050","5817015135"
"세경대학교","전문대학","사립","강원","3583337880","2982243080","406910000","194184800","641854000","109034680","187738950","27328600","","2149200","315602570","4225191880"
"세명대학교","대학","사립","충북","18180481390","17700298220","220191520","259991650","10158225973","1218900450","982116350","326981340","3573296133","90837500","3966094200","28338707363"
"세종대학교","대학","사립","서울","19184413820","18813052200","6000000","365361620","17786839185","1442254400","9482210420","780057255","2642356600","24435000","3415525510","36971253005"
"세종사이버대학교","대학","사립","서울","12973807376","12958289376","7020000","8498000","4824490018","123060000","3600000","61600685","","103402000","4532827333","17798297394"
"세한대학교","대학","사립","전남","8700258410","8391887290","2253120","306118000","2668465010","703305000","818768000","49361260","","17379250","1079651500","11368723420"
"송곡대학교","전문대학","사립","강원","1764242720","1748906600","9336120","6000000","467550000","100463000","79176400","41879900","61800000","1451500","182779200","2231792720"
"송원대학교","대학","사립","광주","7312441160","7230858660","6500000","75082500","3941098711","641831150","136172500","116942900","350801641","93712460","2601638060","11253539871"
"송호대학교","전문대학","사립","강원","2487760520","2381590520","81970000","24200000","810692700","162258900","","32116630","","15681400","600635770","3298453220"
"수성대학교","전문대학","사립","대구","9644584750","9564559250","1000000","79025500","3234515160","579502360","148155000","82800000","317700000","35720480","2070637320","12879099910"
"수원가톨릭대학교","대학","사립","경기","467228950","224991050","","242237900","569283717","32620800","12200000","","","","524462917","1036512667"
"수원과학대학교","전문대학","사립","경기","12071709087","11930797337","11253120","129658630","4818108360","1533181630","1677857350","100125100","546900000","22403260","937641020","16889817447"
"수원대학교","대학","사립","경기","15903554460","15735895860","12916600","154742000","13516552300","4731766000","4730350000","308105000","891500000","34283000","2820548300","29420106760"
"수원여자대학교","전문대학","사립","경기","9472332717","9406731757","13393650","52207310","4341052894","1135806120","1607057557","379035280","354512167","11418160","853223610","13813385611"
"숙명여자대학교","대학","사립","서울","17740404107","16241667937","118831650","1379904520","14963858910","7865363200","2899865020","969157950","1103704100","28494200","2097274440","32704263017"
"순복음총회신학교","대학","사립","충북","525197500","525197500","","","162094200","8545000","","5569200","","","147980000","687291700"
"순천대학교","대학","국공립","전남","14622476181","13763577031","577783750","281115400","4656472940","1923241000","1264355000","248624230","607600000","","612652710","19278949121"
"순천제일대학교","전문대학","사립","전남","6193608487","6159032647","","34575840","2112899200","364660600","105557000","63210400","115800000","50902000","1412769200","8306507687"
"순천향대학교","대학","사립","충남","26228359960","25389696770","11335560","827327630","16630161116","5366768670","3001302100","737889066","2446220370","162514000","4915466910","42858521076"
"숭실대학교","대학","사립","서울","27283251102","24332081867","431772380","2519396855","15893441482","3869454620","3026090595","1198826050","1591547757","71932000","6135590460","43176692584"
"숭실사이버대학교","대학","사립","서울","7431047500","7427047500","1000000","3000000","4318869250","217351250","42000000","760000","","132504000","3926254000","11749916750"
"숭의여자대학교","전문대학","사립","서울","8538396395","8457537450","45853720","35005225","3705717135","871340155","1093629920","394634930","770412090","","575700040","12244113530"
"신경대학교","대학","사립","경기","370046100","342446350","22000000","5599750","460042900","50857250","57816250","4370400","54800000","4199500","287999500","830089000"
"신구대학교","전문대학","사립","경기","16012894450","15817244790","27333962","168315698","6775894255","1198009300","2224409500","683453655","1245875200","52491500","1371655100","22788788705"
"신라대학교","대학","사립","부산","19839740690","19634743270","26863550","178133870","8858791246","2104241360","958205280","446757600","","121803950","5227783056","28698531936"
"신성대학교","전문대학","사립","충남","9983192540","9673042640","6500000","303649900","3432483110","613836000","1016394240","107283200","228399500","44886500","1421683670","13415675650"
"신안산대학교","전문대학","사립","경기","9733118840","9527068590","103695250","102355000","3644867510","1357437600","388564400","306280560","904725000","15381600","672478350","13377986350"
"신한대학교","대학","사립","경기","14698784526","14476438016","49570000","172776510","8992402450","2228122420","2703350120","331907150","671700000","106308360","2951014400","23691186976"
"아신대학교","대학","사립","경기","2236747520","2142606520","","94141000","791186890","134961330","98685500","97019560","45100000","","415420500","3027934410"
"아주대학교","대학","사립","경기","15589318313","14201352273","26625120","1361340920","13514821076","3858630900","3805728672","1425238226","1447662600","235672000","2741888678","29104139389"
"아주자동차대학","전문대학","사립","충남","2007067340","1966122180","25545160","15400000","890522300","195048600","158528160","106565920","183000000","","247379620","2897589640"
"안동과학대학교","전문대학","사립","경북","7126391550","7018947190","2933560","104510800","2540303200","631158950","35966400","13573800","507900000","42141800","1309562250","9666694750"
"안동대학교","대학","국공립","경북","13914957600","13443543980","37018050","434395570","3715492740","1796625500","962589930","205919740","408839600","","341517970","17630450340"
"안산대학교","전문대학","사립","경기","12066722435","11786938780","67933850","211849805","3925339121","1393229530","1257868460","34853000","","21501250","1217886881","15992061556"
"안양대학교","대학","사립","경기","9453807550","9323055750","45756000","84995800","6264595933","2643067350","1322948250","638828533","353415000","43527000","1262809800","15718403483"
"여주대학교","전문대학","사립","경기","12694060577","12554426537","24534040","115100000","5437648650","1130962090","1375177970","15714000","703161940","172877000","2039755650","18131709227"
"연성대학교","전문대학","사립","경기","16315304798","15917741818","89086340","308476640","6080000000","729950600","850494800","418516720","997600000","11050000","3072387880","22395304798"
"연세대학교","대학","사립","서울","32454799254","26647569574","302643120","5504586560","31995776345","7513326435","11824236625","2968909911","3917615023","846206000","4925482351","64450575599"
"연세대학교(미래)","대학","사립","강원","12921313520","11951964750","241366320","727982450","10025340050","2600343900","2490351600","764512750","872665300","141026000","3156440500","22946653570"
"연암공과대학교","전문대학","사립","경남","2553374083","2529428083","4179000","19767000","1239056917","475998600","320610100","49789617","141700000","","250958600","3792431000"
"연암대학교","전문대학","사립","충남","3734314918","3577622758","1592160","155100000","918377130","345848780","262947900","69580800","105300000","24116440","110583210","4652692048"
"영남대학교","대학","사립","경북","46491252920","45089680970","170813470","1230758480","27676146070","8544058500","6871504800","551222800","6449027000","362561500","4897771470","74167398990"
"영남신학대학교","대학","사립","경북","1385698450","1362964450","","22734000","579855740","20470000","247382440","25126800","19750000","5182500","261944000","1965554190"
"영남외국어대학","전문대학","사립","경북","164105380","158146820","1438560","4520000","1009036100","84147000","131430000","5598600","","","787860500","1173141480"
"영남이공대학교","전문대학","사립","대구","15926785580","15817132880","6144040","103508660","6778649280","957560300","1398895650","805225530","1321350000","209668800","2085949000","22705434860"
"영산대학교","대학","사립","경남","13837844006","13676111416","71850590","89882000","7717494684","913087160","2230366320","87492354","394158140","117877600","3974513110","21555338690"
"영산선학대학교","대학","사립","전남","36962000","","","36962000","59000000","","","","","","59000000","95962000"
"영진사이버대학교","전문대학","사립","대구","5788158678","5784202800","","3955878","962154622","135282000","29982000","","","5040000","791850622","6750313300"
"영진전문대학교","전문대학","사립","대구","23794927480","23602717480","","192210000","7146913788","2288817989","670928310","349326290","761030100","42440500","3034370599","30941841268"
"예수대학교","대학","사립","전북","1516255110","1473005110","","43250000","517927450","164764400","172637400","15824450","40379000","6954000","117368200","2034182560"
"예원예술대학교","대학","사립","전북","1860230560","1838654560","","21576000","2614477650","310295000","443955750","14391400","204000000","4055000","1637780500","4474708210"
"오산대학교","전문대학","사립","경기","10270395822","10195436822","6500000","68459000","4742006005","2286070935","37077550","21699000","848799770","47247900","1501110850","15012401827"
"용인대학교","대학","사립","경기","12556863110","11996701180","99656040","460505890","6431113230","1217291000","696837000","106295000","","133841000","4276849230","18987976340"
"용인예술과학대학교","전문대학","사립","경기","8229262215","8082370810","51303555","95587850","3903471860","888508900","625263650","266792500","675049000","118216020","1329641790","12132734075"
"우석대학교","대학","사립","전북","16553420486","16325236859","41812057","186371570","7244900260","1292230250","2035473070","185202470","1398434780","209464650","2124095040","23798320746"
"우송대학교","대학","사립","대전","19787477045","19542615900","89194840","155666305","14575648502","7033715840","1144158380","2727427713","1479344700","15421800","2175580069","34363125547"
"우송정보대학","전문대학","사립","대전","12206674610","12073064830","33859780","99750000","3524480690","550598130","1001135780","150027160","265887300","7878300","1548954020","15731155300"
"울산과학기술원","대학","국공립","울산","3018769877","2867873200","","150896677","8650465777","6279243500","134689600","39906677","","","2196626000","11669235654"
"울산과학대학교","전문대학","사립","울산","12003810010","11514977170","115302340","373530500","4495135140","1024635510","1534198510","171828160","461410000","33974000","1269088960","16498945150"
"울산대학교","대학","사립","울산","23091899896","18571145820","45669200","4475084876","10507188149","3394295450","2187430182","827690650","2130473727","320956000","1646342140","33599088045"
"웅지세무대학교","전문대학","사립","경기","387581720","366131720","20220000","1230000","1049677170","84422500","699495000","8917200","","6960000","249882470","1437258890"
"원광대학교","대학","사립","전북","31954142322","30744248409","397813100","812080813","20574544540","3726636100","4970055284","532157400","4238042673","456693200","6650959883","52528686862"
"원광디지털대학교","대학","사립","전북","7229976750","7227476750","","2500000","2550621400","172739500","355620500","10382400","","38744000","1973135000","9780598150"
"원광보건대학교","전문대학","사립","전북","14373188718","14236575118","26103100","110510500","4166282350","680457700","532165500","114370200","887561450","68158500","1883569000","18539471068"
"위덕대학교","대학","사립","경북","6655656317","6415200587","179804730","60651000","4529591021","683821230","88658000","109994000","398335157","77921000","3170861634","11185247338"
"유원대학교","대학","사립","충북","8473102780","8369881706","15677080","87543994","6511084400","892420000","195718400","91378200","656234000","67248900","4608084900","14984187180"
"유한대학교","전문대학","사립","경기","12438041626","12204161326","10500000","223380300","4018570950","1200601000","1312840200","552587040","696935000","12335400","243272310","16456612576"
"을지대학교","대학","사립","대전","7691485920","7453598900","45667820","192219200","7994769900","2861318300","2629523500","155856600","925498000","16716000","1405857500","15686255820"
"이화여자대학교","대학","사립","서울","24851922810","20714431076","174773600","3962718134","25705388350","8302688519","11026432602","488953764","2043293330","97828200","3746191935","50557311160"
"인덕대학교","전문대학","사립","서울","16408138027","15932496647","89895750","385745630","4878995027","1196464050","1747332117","510513000","573300000","115252700","736133160","21287133054"
"인제대학교","대학","사립","경남","19495114590","18831365990","25136520","638612080","11179716741","3009725500","2781298900","579465000","1834018131","370878500","2604330710","30674831331"
"인천가톨릭대학교","대학","사립","인천","1629555160","1404058110","3267000","222230050","972887833","281094500","114452000","46830600","","","530510733","2602442993"
"인천대학교","대학","국공립","인천","24476924858","23616127908","95446080","765350870","12788054049","3998147437","2720319010","1879343840","1815100","","4188428662","37264978907"
"인천재능대학교","전문대학","사립","인천","9302343919","9226934890","17481600","57927429","3237666230","704667650","1308859950","150017250","331939800","86330640","655850940","12540010149"
"인하공업전문대학","전문대학","사립","인천","17524854790","17408253670","17462740","99138380","8418689360","1406206660","1710305580","1501786600","1194500000","32046760","2573843760","25943544150"
"인하대학교","대학","사립","인천","32845348270","29367542220","190323520","3287482530","21842243536","5138829000","6713800680","2771532116","","123175400","7094906340","54687591806"
"장로회신학대학교","대학","사립","서울","2160892850","1910022750","53900600","196969500","688238760","177137600","63581000","97211760","162910000","","187398400","2849131610"
"장안대학교","전문대학","사립","경기","12313669833","12155439913","3264720","154965200","5621559820","1158222000","1222618600","67802400","296165720","18386000","2858365100","17935229653"
"전남과학대학교","전문대학","사립","전남","12462875930","12417725930","","45150000","2900363300","162480000","646894000","71958600","413715000","78049200","1527266500","15363239230"
"전남대학교","대학","국공립","광주","38523553325","36107957420","19277440","2396318465","12839295762","6268399580","3244795130","656455400","1201815820","","1467829832","51362849087"
"전남도립대학교","전문대학","국공립","전남","1655386275","1492740275","7000000","155646000","529004425","143380000","900000","24684925","112500000","","247539500","2184390700"
"전북과학대학교","전문대학","사립","전북","5637732769","5622732769","500000","14500000","1416197850","179689200","123984750","32355000","138940000","91389100","849839800","7053930619"
"전북대학교","대학","국공립","전북","34247444817","32461426817","296383550","1489634450","13532972070","4539106750","3610383800","1273079640","1562990360","","2547411520","47780416887"
"전주교육대학교","대학","국공립","전북","1320082450","1210096450","61614000","48372000","657476700","234098000","186990500","21928200","118100000","","96360000","1977559150"
"전주기전대학","전문대학","사립","전북","5628080630","5577464530","8054700","42561400","1604259138","261810000","3202400","78310940","252038658","14234800","994662340","7232339768"
"전주대학교","대학","사립","전북","27738656667","26487156275","601700042","649800350","13371562457","1757918320","3692521960","1148842540","1851732745","57067200","4863479692","41110219124"
"전주비전대학교","전문대학","사립","전북","10355421450","10248732950","","106688500","2922848910","329492650","18572950","80416800","308200000","40209400","2145957110","13278270360"
"정석대학","대학","사립","서울","","","","","","","","","","","",""
"제주관광대학교","전문대학","사립","제주","5496129480","5458674780","3304700","34150000","1318703563","225085800","5376780","48736800","204600000","9818700","825085483","6814833043"
"제주국제대학교","대학","사립","제주","2004585900","1562634900","363494000","78457000","1273455990","183146340","150660500","40143600","","26510000","872995550","3278041890"
"제주대학교","대학","국공립","제주","18450143630","17257708660","315842670","876592300","6658407030","1650578500","1794761000","1132331220","","","2080736310","25108550660"
"제주한라대학교","전문대학","사립","제주","12158482570","11961607690","98430340","98444540","3146793033","987378655","146557640","303087600","","112615870","1597153268","15305275603"
"조선간호대학교","전문대학","사립","광주","1646903000","1634265000","2638000","10000000","500570000","183762500","163690950","859000","","","152257550","2147473000"
"조선대학교","대학","사립","광주","42719415995","41607987125","161899340","949529530","21152285733","6606102140","5255757710","427391350","2861071690","428844290","5573118553","63871701728"
"조선이공대학교","전문대학","사립","광주","7405232145","7378312145","2055000","24865000","2413563318","1033465800","80693640","44644748","","8299280","1246459850","9818795463"
"중부대학교","대학","사립","충남","18244627150","18157055810","7265540","80305800","10896834160","2000718900","1852809700","1146568150","1812830800","165690000","3918216610","29141461310"
"중앙대학교","대학","사립","서울","40331765020","36555891940","238558401","3537314679","33100527055","10836047000","11441314486","1091971583","4559302750","164159000","5007732236","73432292075"
"중앙승가대학교","대학","사립","경기","281779500","154989500","","126790000","2682000","","","","","","2682000","284461500"
"중원대학교","대학","사립","충북","6667922490","6546079810","47731580","74111100","7706097240","1378597800","130131000","41385300","","42577000","6113406140","14374019730"
"진주교육대학교","대학","국공립","경남","2085705550","1931204900","8364400","146136250","1058154600","265717400","220600200","70206600","77100000","","424530400","3143860150"
"진주보건대학교","전문대학","사립","경남","8123946217","8054041227","10338320","59566670","2376155084","269463100","904111050","54405000","","49950700","1098225234","10500101301"
"차의과학대학교","대학","사립","경기","4758352610","4686551800","8755810","63045000","3098011230","546773000","1039372540","190239300","","","1321626390","7856363840"
"창신대학교","대학","사립","경남","5696973000","3130930500","2000000","2564042500","2617926600","494908600","441910000","99396000","124200000","","1457512000","8314899600"
"창원대학교","대학","국공립","경남","14700264410","14122650820","35126840","542486750","6306557280","2074549870","1414112510","969755810","","","1848139090","21006821690"
"창원문성대학교","전문대학","사립","경남","6490688840","6423672100","9016740","58000000","2126277400","592768900","4500000","58526400","","14332000","1456150100","8616966240"
"청강문화산업대학교","전문대학","사립","경기","9287269990","9156755270","29831720","100683000","3511135090","712332140","732055400","283864800","727283350","7194000","1048405400","12798405080"
"청암대학교","전문대학","사립","전남","6764193270","6732418270","","31775000","2107871610","534496480","76154720","40240800","144000000","17300500","1295679110","8872064880"
"청운대학교","대학","사립","충남","17381456080","17239550080","11073000","130833000","8534620607","1621247900","1490699580","230577500","917265000","62060000","4212770627","25916076687"
"청주교육대학교","대학","국공립","충북","1308171790","1123563770","13352280","171255740","751989470","342680000","184517500","73691970","","","151100000","2060161260"
"청주대학교","대학","사립","충북","19057907018","18697999068","39911280","319996670","17660621494","6587583640","5392975680","403919366","1813838700","137805500","3324498608","36718528512"
"초당대학교","대학","사립","전남","7783300810","7553080430","8851280","221369100","4144524337","237126000","320563800","50747100","531346190","55396000","2949345247","11927825147"
"총신대학교","대학","사립","서울","5100661220","4749148000","22500000","329013220","1871583765","290508100","609320000","284389665","4193000","20060000","663113000","6972244985"
"추계예술대학교","대학","사립","서울","2081532490","2011214990","21920835","48396665","1506345250","586728000","522960000","76642910","205733340","","114281000","3587877740"
"춘천교육대학교","대학","국공립","강원","1738419830","1662006160","3715650","72698020","740513000","308855000","138000000","131538000","134200000","","27920000","2478932830"
"춘해보건대학교","전문대학","사립","울산","6788915157","6713028390","417000","75469767","2051857200","862543450","523664250","63456200","220005500","8919500","373268300","8840772357"
"충남대학교","대학","국공립","대전","27958330840","26294512670","161957400","1501860770","13571001090","5299321450","3751082400","1258857110","1762744420","","1498995710","41529331930"
"충남도립대학교","전문대학","국공립","충남","1599152192","1450053692","125932000","23166500","635908700","109680800","216574500","71457600","97500000","","140695800","2235060892"
"충북대학교","대학","국공립","충북","23852825886","22696973876","101360790","1054491220","12440918540","5033994430","2513657500","2215629800","951004000","12160000","1714472810","36293744426"
"충북도립대학교","전문대학","국공립","충북","1018475690","965525420","27498720","25451550","495403600","165255100","31000000","27662400","85956000","","185530100","1513879290"
"충북보건과학대학교","전문대학","사립","충북","6432860755","6302912515","15202240","114746000","2262155984","505392500","418265610","39701675","454117709","47886400","796792090","8695016739"
"충청대학교","전문대학","사립","충북","10093152609","9944646289","26628120","121878200","3413018880","772739200","1137209790","123226900","663170490","15846200","700826300","13506171489"
"칼빈대학교","대학","사립","경기","938209200","906159200","","32050000","1045172000","24815000","47421600","60041600","52500000","5990000","854403800","1983381200"
"케이씨대학교","대학","사립","서울","3053020217","2927338117","32236100","93446000","1622072000","346765700","338656663","193481200","94500000","28277800","620390637","4675092217"
"평택대학교","대학","사립","경기","6993322451","6892325151","4000000","96997300","5109052550","1425437500","1266377200","95760900","682633000","56420000","1582423950","12102375001"
"포항공과대학교","대학","사립","경북","3511823760","3421105310","","90718450","3786772900","78600000","50870000","246830700","370720000","","3039752200","7298596660"
"포항대학교","전문대학","사립","경북","5281901460","5080471900","29738405","171691155","1350221070","251882000","48660000","66043070","","2911000","980725000","6632122530"
"한경대학교","대학","국공립","경기","9794365022","9645949452","22330190","126085380","3808928640","1188975450","601697230","857553100","515546250","","645156610","13603293662"
"한국골프대학교","전문대학","사립","강원","1110869500","1053054500","46840000","10975000","955250000","89067000","22525000","9200000","794000","","833664000","2066119500"
"한국과학기술원","대학","국공립","대전","4704272510","4560007010","6000000","138265500","20640349230","4275556600","64350000","202540000","","","16097902630","25344621740"
"한국관광대학교","전문대학","사립","경기","5490307907","5162505338","4064310","323738259","1916607154","288769568","541069660","39702600","369467212","17902630","659695484","7406915061"
"한국교원대학교","대학","국공립","충북","3204628110","3090780550","5000560","108847000","1856335400","284539000","589646640","477699960","395513800","","108936000","5060963510"
"한국교통대학교","대학","국공립","충북","16667759250","16334483570","26918850","306356830","6329724200","3554208050","319025000","1002517540","695226000","","758747610","22997483450"
"한국국제대학교","대학","사립","경남","2503687130","2479006010","10481120","14200000","1902798406","504247250","44213000","18626400","","37938000","1297773756","4406485536"
"한국기술교육대학교","대학","사립","충남","7887895493","7716164823","8124670","163606000","5585130511","1972482936","336743680","1455086565","376500000","29184750","1415132580","13473026004"
"한국농수산대학(일반)","전문대학","국공립","전북","115237500","115237500","","","380465160","48600000","","321105000","","","10760160","495702660"
"한국방송통신대학교","대학","국공립","서울","13881147125","13446382155","938860","433826110","9155500945","3828497960","706232260","1305834620","","","3314936105","23036648070"
"한국복지대학교","전문대학","국공립","경기","1489020250","1443714730","","45305520","413806560","189087660","31850000","59846400","61700000","","71322500","1902826810"
"한국복지사이버대학","전문대학","사립","경북","2593267000","2592637000","","630000","1615110000","85519000","13335000","","","9627000","1506629000","4208377000"
"한국산업기술대학교","대학","사립","경기","14807493490","14234087490","24201200","549204800","10487563860","4266264550","2004593790","975546300","1627068000","53429500","1560661720","25295057350"
"한국성서대학교","대학","사립","서울","3190445934","3023515934","48370000","118560000","1175250000","327366000","131811000","220526100","76386900","9528000","409632000","4365695934"
"한국승강기대학교","전문대학","사립","경남","1952653350","1869978650","3874700","78800000","717598600","121523000","406890100","15141600","","","174043900","2670251950"
"한국열린사이버대학교","대학","사립","서울","7274545900","7273336900","1209000","","3229718440","275794600","88770100","","5494000","63980000","2795679740","10504264340"
"한국영상대학교","전문대학","사립","세종","8801302891","8718170971","8265120","74866800","2877982690","1222734600","295348650","262385800","410033490","6613200","680866950","11679285581"
"한국예술종합학교","대학","국공립","서울","3579023740","3194213220","3753120","381057400","1389934370","893332500","19070000","321069870","","","156462000","4968958110"
"한국외국어대학교","대학","사립","서울","27185732073","24412500081","392223295","2381008697","15589803689","4202541600","7259463283","555688210","","95196500","3476914096","42775535762"
"한국전통문화대학교","대학","국공립","충남","665261550","646761550","","18500000","662291730","218151500","3272000","26023700","200170000","","214674530","1327553280"
"한국체육대학교","대학","국공립","서울","4710079150","4565394150","34185000","110500000","2505011300","1758505000","428988000","54032400","123485900","","140000000","7215090450"
"한국침례신학대학교","대학","사립","대전","6175036144","5973907636","","201128508","1028266866","116935200","488142566","70540400","178600000","6825600","167223100","7203303010"
"한국폴리텍 I 대학 서울강서캠퍼스","전문대학","사립","서울","602992500","601792500","","1200000","148378500","50803000","49491500","35650000","","8729000","3705000","751371000"
"한국폴리텍 I 대학 서울정수캠퍼스","전문대학","사립","서울","1479018205","1440018205","","39000000","374783330","111420000","132438000","123280500","","4952000","2692830","1853801535"
"한국폴리텍 I 대학 성남캠퍼스","전문대학","사립","경기","874729000","844429000","","30300000","221687750","69968000","67525000","80000000","","3595500","599250","1096416750"
"한국폴리텍 I 대학 제주캠퍼스","전문대학","사립","제주","49194500","46594500","","2600000","12006000","5379000","4297000","2330000","","","","61200500"
"한국폴리텍 II 대학 남인천캠퍼스","전문대학","사립","인천","47652667","28552667","","19100000","7230000","4988000","1600000","642000","","","","54882667"
"한국폴리텍 II 대학 인천캠퍼스","전문대학","사립","인천","2288377166","2186356666","5600000","96420500","569859000","181959000","175607000","160369000","","19754000","32170000","2858236166"
"한국폴리텍 III 대학 강릉캠퍼스","전문대학","사립","강원","149602800","135981000","","13621800","38609040","11307000","11290000","9500540","","","6511500","188211840"
"한국폴리텍 III 대학 원주캠퍼스","전문대학","사립","강원","102987834","84987834","","18000000","18322500","1836500","6090000","2736000","","","7660000","121310334"
"한국폴리텍 III 대학 춘천캠퍼스","전문대학","사립","강원","340569000","319072000","","21497000","64321250","29009000","13625500","13896500","","","7790250","404890250"
"한국폴리텍 IV 대학 대전캠퍼스","전문대학","사립","대전","1087225169","1035550169","4775000","46900000","246625000","71219000","81100000","81000000","","1216000","12090000","1333850169"
"한국폴리텍 IV 대학 아산캠퍼스","전문대학","사립","충남","642652750","611620750","1232000","29800000","138109000","48307500","43990000","41000000","","","4811500","780761750"
"한국폴리텍 IV 대학 청주캠퍼스","전문대학","사립","충북","861413431","838236551","776880","22400000","182493500","56697000","60002000","52630000","","2397000","10767500","1043906931"
"한국폴리텍 IV 대학 홍성캠퍼스","전문대학","사립","충남","253738400","230674000","12065900","10998500","60807000","27930500","19076500","13800000","","","","314545400"
"한국폴리텍 V 대학 광주캠퍼스","전문대학","사립","광주","1058874000","1031674000","","27200000","222343500","66425000","70127000","62272000","","2432000","21087500","1281217500"
"한국폴리텍 V 대학 순천캠퍼스","전문대학","사립","전남","","","","","","","","","","","",""
"한국폴리텍 V 대학 익산캠퍼스","전문대학","사립","전북","135139000","130539000","","4600000","31239500","16919000","9850500","4470000","","","","166378500"
"한국폴리텍 V 대학 전남캠퍼스","전문대학","사립","전남","266927250","247927250","","19000000","55245750","26879500","16100000","9600000","","","2666250","322173000"
"한국폴리텍 V 대학 전북캠퍼스","전문대학","사립","전북","612411710","584084000","","28327710","127485250","44099000","39880000","29000000","","4642000","9864250","739896960"
"한국폴리텍 VI 대학 구미캠퍼스","전문대학","사립","경북","686840430","663680430","2060000","21100000","157204500","53119000","43900000","41600000","","","18585500","844044930"
"한국폴리텍 VI 대학 대구캠퍼스","전문대학","사립","대구","827120168","797520168","","29600000","177475020","55516000","46700000","71628520","","","3630500","1004595188"
"한국폴리텍 VI 대학 영남융합기술캠퍼스","전문대학","사립","대구","243357374","240558124","","2799250","66029000","38702000","19800000","4522000","","","3005000","309386374"
"한국폴리텍 VI 대학 영주캠퍼스","전문대학","사립","경북","59414572","47045000","2500000","9869572","13167000","4297000","4040000","4830000","","","","72581572"
"한국폴리텍 VII 대학 부산캠퍼스","전문대학","사립","부산","1054617400","1021017400","1000000","32600000","235248650","73598500","60774900","84726000","","3648000","12501250","1289866050"
"한국폴리텍 VII 대학 울산캠퍼스","전문대학","사립","울산","627400484","583983834","2075400","41341250","204576000","59181500","52555500","77200000","","","15639000","831976484"
"한국폴리텍 VII 대학 창원캠퍼스","전문대학","사립","경남","1652494669","1582709669","5835000","63950000","397279750","121958500","130296500","116755000","","10839000","17430750","2049774419"
"한국폴리텍 특성화대학 바이오캠퍼스","전문대학","사립","충남","472298500","450798500","2000000","19500000","121373750","43849000","37493500","21500000","","3078500","15452750","593672250"
"한국폴리텍 특성화대학 반도체융합캠퍼스","전문대학","사립","경기","675727500","643211500","","32516000","151040000","66407500","13150500","60590500","","9693000","1198500","826767500"
"한국폴리텍 특성화대학 항공캠퍼스","전문대학","사립","경남","620432494","606332494","1000000","13100000","143996000","47282000","51550000","24700000","","","20464000","764428494"
"한국항공대학교","대학","사립","경기","6772177100","6146265400","106857960","519053740","5778929840","1696444550","1505178500","634958610","768962400","20694000","1152691780","12551106940"
"한국해양대학교","대학","국공립","부산","11490277590","10636727680","62436210","791113700","3167388670","1752935000","522247600","133260200","492637740","","266308130","14657666260"
"한남대학교","대학","사립","대전","25509534559","25199482228","77378170","232674161","12833208424","2416603920","2726091130","772610654","3098638800","136219880","3683044040","38342742983"
"한동대학교","대학","사립","경북","10357926558","9450890457","27195000","879841101","4072262499","1040741800","888305635","795995845","68766550","14640000","1263812669","14430189057"
"한라대학교","대학","사립","강원","8147890600","7941620100","128854500","77416000","4613766810","1309990460","974772990","112813450","527656820","88092500","1600440590","12761657410"
"한려대학교","대학","사립","전남","297076800","250376800","20200000","26500000","537900200","9285000","212546000","","","","316069200","834977000"
"한림대학교","대학","사립","강원","16889541281","15991463840","573535180","324542261","10750811437","4667019630","1213316360","584657268","1610102170","","2675716009","27640352718"
"한림성심대학교","전문대학","사립","강원","8472604570","8226315850","183538720","62750000","3134538280","874065880","","423925200","334150000","1500000","1500897200","11607142850"
"한밭대학교","대학","국공립","대전","16714477160","16220960410","25267130","468249620","6583405780","2483739710","1111339020","1402767890","891024630","","694534530","23297882940"
"한서대학교","대학","사립","충남","14822216990","14485278130","105031160","231907700","10102347525","3676751500","2901837586","425867400","583868000","63188000","2450835039","24924564515"
"한성대학교","대학","사립","서울","13445055900","12918623090","84698810","441734000","9254175270","1718528500","1667966300","1903104290","1274196990","45364800","2645014390","22699231170"
"한세대학교","대학","사립","경기","5767042651","5686646651","12578000","67818000","3933555605","794287500","1555890000","180295605","395950500","4074000","1003058000","9700598256"
"한신대학교","대학","사립","경기","11324063800","11083763700","13798000","226502100","5494300900","1608367900","1111877170","466172450","","92003800","2215879580","16818364700"
"한양대학교","대학","사립","서울","27118756613","23779380963","316183310","3023192340","26486942893","3451673440","6278046100","1352175573","1763860600","126411600","13514775580","53605699506"
"한양대학교(ERICA)","대학","사립","경기","19590901210","18313346300","251738250","1025816660","14491619916","2488098600","4481651240","706369020","1373782400","100162000","5341556656","34082521126"
"한양사이버대학교","대학","사립","서울","15738725985","15711521485","500000","26704500","6910407224","421499000","27540000","3018600","","6448000","6451901624","22649133209"
"한양여자대학교","전문대학","사립","서울","15657165054","15378138450","34500000","244526604","6278701885","2021563530","1695803000","111254610","1255420000","3261000","1191399745","21935866939"
"한영대학교","전문대학","사립","전남","3051148860","3049748860","","1400000","932824850","44416000","67943700","30220300","","","790244850","3983973710"
"한일장신대학교","대학","사립","전북","3188656800","3143006800","","45650000","1055804900","150221000","98275000","64841400","21730000","20666500","700071000","4244461700"
"협성대학교","대학","사립","경기","9242609620","9134613520","12000000","95996100","6618173881","1593486510","2322332990","283531800","1593780321","35548000","789494260","15860783501"
"혜전대학교","전문대학","사립","충남","6987720940","6871978570","2000000","113742370","2205728518","269625780","498744410","375455698","444735080","20596350","596571200","9193449458"
"호남대학교","대학","사립","광주","15319062263","15140671203","41221210","137169850","7799977782","1213003160","2637899080","165905982","","73650500","3709519060","23119040045"
"호남신학대학교","대학","사립","광주","1607986351","1593636351","","14350000","470203645","218255750","13995400","55811545","65055000","","117085950","2078189996"
"호산대학교","전문대학","사립","경북","5338465690","5318335630","1438560","18691500","1837288463","261695530","4950300","11779020","94324303","6102000","1458437310","7175754153"
"호서대학교","대학","사립","충남","25222245359","24371245967","637218792","213780600","17283082100","2049934500","4785887270","1024654300","","115039100","9307566930","42505327459"
"호원대학교","대학","사립","전북","14379298340","14244585170","80483220","54229950","7453912340","1651465000","49443700","128340030","748670280","63668000","4812325330","21833210680"
"홍익대학교","대학","사립","서울","30841993394","29998146184","89319500","754527710","40234525088","16843895300","8988557000","3858352380","4366388580","139692000","6037639828","71076518482"
"화신사이버대학교","대학","사립","부산","3089757732","3089757732","","","452529057","","16671000","3677400","","39857000","392323657","3542286789"
